-- phpMyAdmin SQL Dump
-- version 4.7.4
-- https://www.phpmyadmin.net/
--
-- Host: 127.0.0.1
-- Generation Time: May 25, 2018 at 01:36 PM
-- Server version: 10.1.28-MariaDB
-- PHP Version: 7.1.11

SET SQL_MODE = "NO_AUTO_VALUE_ON_ZERO";
SET AUTOCOMMIT = 0;
START TRANSACTION;
SET time_zone = "+00:00";


/*!40101 SET @OLD_CHARACTER_SET_CLIENT=@@CHARACTER_SET_CLIENT */;
/*!40101 SET @OLD_CHARACTER_SET_RESULTS=@@CHARACTER_SET_RESULTS */;
/*!40101 SET @OLD_COLLATION_CONNECTION=@@COLLATION_CONNECTION */;
/*!40101 SET NAMES utf8mb4 */;

--
-- Database: `backgammon`
--

DELIMITER $$
--
-- Functions
--
CREATE DEFINER=`root`@`localhost` FUNCTION `get_count` (`in_game_id` INTEGER, `in_user_id` INTEGER) RETURNS INT(11) BEGIN
	RETURN (
		SELECT COUNT(*)
		FROM games m1
		INNER JOIN games_boards m2 ON m1.id=m2.game_id
	  WHERE m1.id = in_game_id AND m2.winner_id = in_user_id
  );
END$$

CREATE DEFINER=`root`@`localhost` FUNCTION `lig_get_count` (`in_game_id` INTEGER, `in_user_id` INTEGER) RETURNS INT(11) BEGIN
	RETURN (
		SELECT COUNT(*)
		FROM ligs_games_boards
		WHERE ligs_games_boards.game_id = in_game_id AND ligs_games_boards.winner_id = in_user_id
  );
END$$

DELIMITER ;

-- --------------------------------------------------------

--
-- Table structure for table `chat`
--

CREATE TABLE `chat` (
  `id` int(11) NOT NULL,
  `id_user` int(11) NOT NULL,
  `text` text,
  `date` varchar(255) NOT NULL,
  `status` int(11) NOT NULL DEFAULT '0',
  `direction` int(11) NOT NULL
) ENGINE=InnoDB DEFAULT CHARSET=utf8;

-- --------------------------------------------------------

--
-- Table structure for table `cities`
--

CREATE TABLE `cities` (
  `id` int(11) NOT NULL,
  `title` varchar(255) COLLATE utf8_persian_ci NOT NULL,
  `province_id` int(11) NOT NULL
) ENGINE=InnoDB DEFAULT CHARSET=utf8 COLLATE=utf8_persian_ci;

--
-- Dumping data for table `cities`
--

INSERT INTO `cities` (`id`, `title`, `province_id`) VALUES
(1, 'آبش احمد', 1),
(2, 'آذرشهر', 1),
(3, 'آقکند', 1),
(4, 'اچاچی', 1),
(5, 'اسکو', 1),
(6, 'اهر', 1),
(7, 'ایلخچی', 1),
(8, 'باسمنج', 1),
(9, 'بخشایش', 1),
(10, 'بستان آباد', 1),
(11, 'بناب', 1),
(12, 'بناب مرند', 1),
(13, 'تبریز', 1),
(14, 'ترک', 1),
(15, 'ترکمانچای', 1),
(16, 'تسوج', 1),
(17, 'تیکمه داش', 1),
(18, 'تیمورلو', 1),
(19, 'جلفا', 1),
(20, 'جوان قلعه', 1),
(21, 'خاروانا', 1),
(22, 'خامنه', 1),
(23, 'خداجو(خراجو)', 1),
(24, 'خسروشاه', 1),
(25, 'خمارلو', 1),
(26, 'خواجه', 1),
(27, 'دوزدوزان', 1),
(28, 'زرنق', 1),
(29, 'زنوز', 1),
(30, 'سراب', 1),
(31, 'سردرود', 1),
(32, 'سهند', 1),
(33, 'سیس', 1),
(34, 'سیه رود', 1),
(35, 'شبستر', 1),
(36, 'شربیان', 1),
(37, 'شرفخانه', 1),
(38, 'شندآباد', 1),
(39, 'صوفیان', 1),
(40, 'عجب شیر', 1),
(41, 'قره آغاج', 1),
(42, 'کشکسرای', 1),
(43, 'کلوانق', 1),
(44, 'کلیبر', 1),
(45, 'کوزه کنان', 1),
(46, 'گوگان', 1),
(47, 'لیلان', 1),
(48, 'مبارک شهر', 1),
(49, 'مراغه', 1),
(50, 'مرند', 1),
(51, 'ملکان', 1),
(52, 'ممقان', 1),
(53, 'مهربان', 1),
(54, 'میانه', 1),
(55, 'نظرکهریزی', 1),
(56, 'وایقان', 1),
(57, 'ورزقان', 1),
(58, 'هادیشهر', 1),
(59, 'هریس', 1),
(60, 'هشترود', 1),
(61, 'هوراند', 1),
(62, 'یامچی', 1),
(63, 'آواجیق', 2),
(64, 'ارومیه', 2),
(65, 'اشنویه', 2),
(66, 'ایواوغلی', 2),
(67, 'باروق', 2),
(68, 'بازرگان', 2),
(69, 'بوکان', 2),
(70, 'پلدشت', 2),
(71, 'پیرانشهر', 2),
(72, 'تازه شهر', 2),
(73, 'تکاب', 2),
(74, 'چهاربرج', 2),
(75, 'خلیفان', 2),
(76, 'خوی', 2),
(77, 'دیزج دیز', 2),
(78, 'ربط', 2),
(79, 'زرآباد', 2),
(80, 'سردشت', 2),
(81, 'سرو', 2),
(82, 'سلماس', 2),
(83, 'سیلوانه', 2),
(84, 'سیمینه', 2),
(85, 'سیه چشمه', 2),
(86, 'شاهین دژ', 2),
(87, 'شوط', 2),
(88, 'فیرورق', 2),
(89, 'قره ضیاءالدین', 2),
(90, 'قطور', 2),
(91, 'قوشچی', 2),
(92, 'کشاورز', 2),
(93, 'گردکشانه', 2),
(94, 'ماکو', 2),
(95, 'محمدیار', 2),
(96, 'محمودآباد', 2),
(97, 'مرگنلر', 2),
(98, 'مهاباد', 2),
(99, 'میاندوآب', 2),
(100, 'میرآباد', 2),
(101, 'نازک علیا', 2),
(102, 'نالوس', 2),
(103, 'نقده', 2),
(104, 'نوشین', 2),
(105, 'آبی بیگلو', 3),
(106, 'اردبیل', 3),
(107, 'اسلام اباد', 3),
(108, 'اصلاندوز', 3),
(109, 'بیله سوار', 3),
(110, 'پارس آباد', 3),
(111, 'تازه کند', 3),
(112, 'تازه کندانگوت', 3),
(113, 'جعفرآباد', 3),
(114, 'خلخال', 3),
(115, 'رضی', 3),
(116, 'سرعین', 3),
(117, 'عنبران', 3),
(118, 'فخراباد', 3),
(119, 'قصابه', 3),
(120, 'کلور', 3),
(121, 'کوراییم', 3),
(122, 'گرمی', 3),
(123, 'گیوی', 3),
(124, 'لاهرود', 3),
(125, 'مرادلو', 3),
(126, 'مشگین شهر', 3),
(127, 'نمین', 3),
(128, 'نیر', 3),
(129, 'هشتجین', 3),
(130, 'هیر', 3),
(131, 'آران وبیدگل', 4),
(132, 'ابوزیدآباد', 4),
(133, 'اردستان', 4),
(134, 'اژیه', 4),
(135, 'اصغرآباد', 4),
(136, 'انارک', 4),
(137, 'ایمانشهر', 4),
(138, 'بادرود', 4),
(139, 'بافران', 4),
(140, 'برزک', 4),
(141, 'برف انبار', 4),
(142, 'بویین ومیاندشت', 4),
(143, 'بهاران شهر', 4),
(144, 'بهارستان', 4),
(145, 'پیربکران', 4),
(146, 'تودشک', 4),
(147, 'تیران', 4),
(148, 'جوشقان قالی', 4),
(149, 'چرمهین', 4),
(150, 'چمگردان', 4),
(151, 'حبیب آباد', 4),
(152, 'حسن اباد', 4),
(153, 'حنا', 4),
(154, 'خالدآباد', 4),
(155, 'خوانسار', 4),
(156, 'خور', 4),
(157, 'خورزوق', 4),
(158, 'داران', 4),
(159, 'درچه', 4),
(160, 'دولت آباد', 4),
(161, 'دهاقان', 4),
(162, 'دهق', 4),
(163, 'دیزیچه', 4),
(164, 'رزوه', 4),
(165, 'رضوانشهر', 4),
(166, 'زاینده رود', 4),
(167, 'زرین شهر', 4),
(168, 'زواره', 4),
(169, 'زیار', 4),
(170, 'سجزی', 4),
(171, 'سده لنجان', 4),
(172, 'سفیدشهر', 4),
(173, 'سمیرم', 4),
(174, 'شاهین شهر', 4),
(175, 'شهرضا', 4),
(176, 'طرق رود', 4),
(177, 'عسگران', 4),
(178, 'علویجه', 4),
(179, 'فرخی', 4),
(180, 'فریدونشهر', 4),
(181, 'فولادشهر', 4),
(182, 'قهجاورستان', 4),
(183, 'قهدریجان', 4),
(184, 'کاشان', 4),
(185, 'کرکوند', 4),
(186, 'کلیشادوسودرجان', 4),
(187, 'کمشچه', 4),
(188, 'کوهپایه', 4),
(189, 'کهریزسنگ', 4),
(190, 'گرگاب', 4),
(191, 'گزبرخوار', 4),
(192, 'گلپایگان', 4),
(193, 'گلدشت', 4),
(194, 'گلشن', 4),
(195, 'گلشهر', 4),
(196, 'گوگد', 4),
(197, 'لای بید', 4),
(198, 'مجلسی', 4),
(199, 'مشکات', 4),
(200, 'منظریه', 4),
(201, 'میمه', 4),
(202, 'نجف آباد', 4),
(203, 'نصرآباد', 4),
(204, 'نیک آباد', 4),
(205, 'ونک', 4),
(206, 'هرند', 4),
(207, 'آسارا', 5),
(208, 'اشتهارد', 5),
(209, 'تنکمان', 5),
(210, 'چهارباغ', 5),
(211, 'شهرجدیدهشتگرد', 5),
(212, 'طالقان', 5),
(213, 'فردیس', 5),
(214, 'کرج', 5),
(215, 'کمال شهر', 5),
(216, 'کوهسار', 5),
(217, 'گرمدره', 5),
(218, 'گلسار', 5),
(219, 'ماهدشت', 5),
(220, 'محمدشهر', 5),
(221, 'مشکین دشت', 5),
(222, 'نظرآباد', 5),
(223, 'هشتگرد', 5),
(224, 'آبدانان', 6),
(225, 'آسمان آباد', 6),
(226, 'ایلام', 6),
(227, 'ایوان', 6),
(228, 'بدره', 6),
(229, 'بلاوه', 6),
(230, 'پهله', 6),
(231, 'سراب باغ', 6),
(232, 'شباب', 6),
(233, 'موسیان', 6),
(234, 'مهر', 6),
(235, 'مهران', 6),
(236, 'آب پخش', 7),
(237, 'آباد', 7),
(238, 'آبدان', 7),
(239, 'امام حسن', 7),
(240, 'انارستان', 7),
(241, 'اهرم', 7),
(242, 'بادوله', 7),
(243, 'برازجان', 7),
(244, 'بردخون', 7),
(245, 'بردستان', 7),
(246, 'بندردیر', 7),
(247, 'بندردیلم', 7),
(248, 'بندرریگ', 7),
(249, 'بندرکنگان', 7),
(250, 'بندرگناوه', 7),
(251, 'بنک', 7),
(252, 'بوشکان', 7),
(253, 'بوشهر', 7),
(254, 'تنگ ارم', 7),
(255, 'جم', 7),
(256, 'چغادک', 7),
(257, 'خارک', 7),
(258, 'خورموج', 7),
(259, 'دالکی', 7),
(260, 'دلوار', 7),
(261, 'دوراهک', 7),
(262, 'ریز', 7),
(263, 'سعد آباد', 7),
(264, 'سیراف', 7),
(265, 'شبانکاره', 7),
(266, 'شنبه', 7),
(267, 'عسلویه', 7),
(268, 'کاکی', 7),
(269, 'کلمه', 7),
(270, 'نخل تقی', 7),
(271, 'وحدتیه', 7),
(272, 'آبسرد', 8),
(273, 'آبعلی', 8),
(274, 'احمد آباد مستوفی', 8),
(275, 'ارجمند', 8),
(276, 'اسلامشهر', 8),
(277, 'اندیشه', 8),
(278, 'باغستان', 8),
(279, 'باقرشهر', 8),
(280, 'بومهن', 8),
(281, 'پاکدشت', 8),
(282, 'پردیس', 8),
(283, 'پرند', 8),
(284, 'پیشوا', 8),
(285, 'تجریش', 8),
(286, 'تهران', 8),
(287, 'جوادآباد', 8),
(288, 'چهاردانگه', 8),
(289, 'حسن آباد', 8),
(290, 'دماوند', 8),
(291, 'رباطکریم', 8),
(292, 'رودهن', 8),
(293, 'ری', 8),
(294, 'شاهدشهر', 8),
(295, 'شریف آباد', 8),
(296, 'شمشک', 8),
(297, 'شهریار', 8),
(298, 'صالحیه', 8),
(299, 'صباشهر', 8),
(300, 'صفادشت', 8),
(301, 'فردوسیه', 8),
(302, 'فرون اباد', 8),
(303, 'فشم', 8),
(304, 'فیروزکوه', 8),
(305, 'قدس', 8),
(306, 'قرچک', 8),
(307, 'کهریزک', 8),
(308, 'کیلان', 8),
(309, 'گلستان', 8),
(310, 'لواسان', 8),
(311, 'ملارد', 8),
(312, 'نسیم شهر', 8),
(313, 'نصیرشهر', 8),
(314, 'وحیدیه', 8),
(315, 'ورامین', 8),
(316, 'باباحیدر', 9),
(317, 'بازفت', 9),
(318, 'بروجن', 9),
(319, 'پردنجان', 9),
(320, 'دستنا', 9),
(321, 'سامان', 9),
(322, 'سرخون', 9),
(323, 'سودجان', 9),
(324, 'سورشجان', 9),
(325, 'شهرکرد', 9),
(326, 'صمصامی', 9),
(327, 'طاقانک', 9),
(328, 'فرخ شهر', 9),
(329, 'کاج', 9),
(330, 'گوجان', 9),
(331, 'گهرو', 9),
(332, 'لردگان', 9),
(333, 'منج', 9),
(334, 'نقنه', 9),
(335, 'وردنجان', 9),
(336, 'هفشجان', 9),
(337, 'آرین شهر', 10),
(338, 'آیسک', 10),
(339, 'ارسک', 10),
(340, 'اسدیه', 10),
(341, 'اسفدن', 10),
(342, 'اسلامیه', 10),
(343, 'بشرویه', 10),
(344, 'بیرجند', 10),
(345, 'حاجی آباد', 10),
(346, 'خضری دشت بیاض', 10),
(347, 'خوسف', 10),
(348, 'دیهوک', 10),
(349, 'زهان', 10),
(350, 'سرایان', 10),
(351, 'سربیشه', 10),
(352, 'سه قلعه', 10),
(353, 'شوسف', 10),
(354, 'طبس', 10),
(355, 'طبس مسینا', 10),
(356, 'عشق آباد', 10),
(357, 'فردوس', 10),
(358, 'قاین', 10),
(359, 'قهستان', 10),
(360, 'گزیک', 10),
(361, 'محمدشهر', 10),
(362, 'مود', 10),
(363, 'نهبندان', 10),
(364, 'نیمبلوک', 10),
(365, 'احمدابادصولت', 11),
(366, 'انابد', 11),
(367, 'باجگیران', 11),
(368, 'باخرز', 11),
(369, 'بار', 11),
(370, 'بایک', 11),
(371, 'بجستان', 11),
(372, 'بردسکن', 11),
(373, 'بیدخت', 11),
(374, 'تایباد', 11),
(375, 'تربت جام', 11),
(376, 'تربت حیدریه', 11),
(377, 'جغتای', 11),
(378, 'جنگل', 11),
(379, 'چاپشلو', 11),
(380, 'چکنه', 11),
(381, 'چناران', 11),
(382, 'خرو', 11),
(383, 'خلیل آباد', 11),
(384, 'خواف', 11),
(385, 'داورزن', 11),
(386, 'درگز', 11),
(387, 'درود', 11),
(388, 'دولت آباد', 11),
(389, 'رباط سنگ', 11),
(390, 'رشتخوار', 11),
(391, 'رضویه', 11),
(392, 'روداب', 11),
(393, 'ریوش', 11),
(394, 'سبزوار', 11),
(395, 'سرخس', 11),
(396, 'سفیدسنگ', 11),
(397, 'سلامی', 11),
(398, 'سلطان آباد', 11),
(399, 'سنگان', 11),
(400, 'شادمهر', 11),
(401, 'شاندیز', 11),
(402, 'ششتمد', 11),
(403, 'شهراباد', 11),
(404, 'شهرزو', 11),
(405, 'صالح آباد', 11),
(406, 'طرقبه', 11),
(407, 'عشق آباد', 11),
(408, 'فرهادگرد', 11),
(409, 'فریمان', 11),
(410, 'فیروزه', 11),
(411, 'فیض آباد', 11),
(412, 'قاسم آباد', 11),
(413, 'قدمگاه', 11),
(414, 'قلندرآباد', 11),
(415, 'قوچان', 11),
(416, 'کاخک', 11),
(417, 'کاریز', 11),
(418, 'کاشمر', 11),
(419, 'کدکن', 11),
(420, 'کلات', 11),
(421, 'کندر', 11),
(422, 'گلمکان', 11),
(423, 'گناباد', 11),
(424, 'لطف آباد', 11),
(425, 'مزدآوند', 11),
(426, 'مشهد', 11),
(427, 'مشهدریزه', 11),
(428, 'ملک آباد', 11),
(429, 'نشتیفان', 11),
(430, 'نصرآباد', 11),
(431, 'نقاب', 11),
(432, 'نوخندان', 11),
(433, 'نیشابور', 11),
(434, 'نیل شهر', 11),
(435, 'همت آباد', 11),
(436, 'یونسی', 11),
(437, 'آشخانه', 12),
(438, 'آوا', 12),
(439, 'اسفراین', 12),
(440, 'ایور', 12),
(441, 'بجنورد', 12),
(442, 'پیش قلعه', 12),
(443, 'تیتکانلو', 12),
(444, 'جاجرم', 12),
(445, 'چناران شهر', 12),
(446, 'حصارگرمخان', 12),
(447, 'درق', 12),
(448, 'راز', 12),
(449, 'زیارت', 12),
(450, 'سنخواست', 12),
(451, 'شوقان', 12),
(452, 'شیروان', 12),
(453, 'صفی آباد', 12),
(454, 'فاروج', 12),
(455, 'قاضی', 12),
(456, 'قوشخانه', 12),
(457, 'گرمه', 12),
(458, 'لوجلی', 12),
(459, 'آبادان', 13),
(460, 'آبژدان', 13),
(461, 'آزادی', 13),
(462, 'آغاجاری', 13),
(463, 'ابوحمیظه', 13),
(464, 'اروندکنار', 13),
(465, 'الوان', 13),
(466, 'الهایی', 13),
(467, 'امیدیه', 13),
(468, 'اندیمشک', 13),
(469, 'اهواز', 13),
(470, 'ایذه', 13),
(471, 'باغ ملک', 13),
(472, 'بستان', 13),
(473, 'بندرامام خمینی', 13),
(474, 'بندرماهشهر', 13),
(475, 'بهبهان', 13),
(476, 'بیدروبه', 13),
(477, 'ترکالکی', 13),
(478, 'تشان', 13),
(479, 'جایزان', 13),
(480, 'جنت مکان', 13),
(481, 'چغامیش', 13),
(482, 'چم گلک', 13),
(483, 'چمران', 13),
(484, 'چویبده', 13),
(485, 'حر', 13),
(486, 'حسینیه', 13),
(487, 'حمزه', 13),
(488, 'حمیدیه', 13),
(489, 'خرمشهر', 13),
(490, 'خنافره', 13),
(491, 'دارخوین', 13),
(492, 'دزفول', 13),
(493, 'دهدز', 13),
(494, 'رامشیر', 13),
(495, 'رامهرمز', 13),
(496, 'رفیع', 13),
(497, 'زهره', 13),
(498, 'سالند', 13),
(499, 'سرداران', 13),
(500, 'سردشت', 13),
(501, 'سماله', 13),
(502, 'سوسنگرد', 13),
(503, 'سیاه منصور', 13),
(504, 'شادگان', 13),
(505, 'شاوور', 13),
(506, 'شرافت', 13),
(507, 'شمس آباد', 13),
(508, 'شوش', 13),
(509, 'شوشتر', 13),
(510, 'شهر امام', 13),
(511, 'شیبان', 13),
(512, 'صالح شهر', 13),
(513, 'صفی آباد', 13),
(514, 'صیدون', 13),
(515, 'فتح المبین', 13),
(516, 'قلعه تل', 13),
(517, 'قلعه خواجه', 13),
(518, 'کوت سیدنعیم', 13),
(519, 'کوت عبداله', 13),
(520, 'گتوند', 13),
(521, 'گلگیر', 13),
(522, 'گوریه', 13),
(523, 'لالی', 13),
(524, 'مسجدسلیمان', 13),
(525, 'مشراگه', 13),
(526, 'مقاومت', 13),
(527, 'ملاثانی', 13),
(528, 'منصوریه', 13),
(529, 'میانرود', 13),
(530, 'میداود', 13),
(531, 'مینوشهر', 13),
(532, 'ویس', 13),
(533, 'هفتگل', 13),
(534, 'هندیجان', 13),
(535, 'هویزه', 13),
(536, 'آب بر', 14),
(537, 'ابهر', 14),
(538, 'ارمغانخانه', 14),
(539, 'چورزق', 14),
(540, 'حلب', 14),
(541, 'خرمدره', 14),
(542, 'دندی', 14),
(543, 'زرین آباد', 14),
(544, 'زرین رود', 14),
(545, 'زنجان', 14),
(546, 'سجاس', 14),
(547, 'سلطانیه', 14),
(548, 'سهرورد', 14),
(549, 'صایین قلعه', 14),
(550, 'قیدار', 14),
(551, 'کرسف', 14),
(552, 'گرماب', 14),
(553, 'ماه نشان', 14),
(554, 'نوربهار', 14),
(555, 'نیک پی', 14),
(556, 'هیدج', 14),
(557, 'آرادان', 15),
(558, 'امیریه', 15),
(559, 'ایوانکی', 15),
(560, 'بسطام', 15),
(561, 'بیارجمند', 15),
(562, 'دامغان', 15),
(563, 'درجزین', 15),
(564, 'دیباج', 15),
(565, 'رودیان', 15),
(566, 'سرخه', 15),
(567, 'سمنان', 15),
(568, 'شاهرود', 15),
(569, 'شهمیرزاد', 15),
(570, 'کلاته', 15),
(571, 'کلاته خیج', 15),
(572, 'کهن آباد', 15),
(573, 'گرمسار', 15),
(574, 'مجن', 15),
(575, 'مهدی شهر', 15),
(576, 'میامی', 15),
(577, 'ادیمی', 16),
(578, 'اسپکه', 16),
(579, 'ایرانشهر', 16),
(580, 'بزمان', 16),
(581, 'بمپور', 16),
(582, 'بنت', 16),
(583, 'بنجار', 16),
(584, 'پیشین', 16),
(585, 'جالق', 16),
(586, 'چاه بهار', 16),
(587, 'خاش', 16),
(588, 'دوست محمد', 16),
(589, 'راسک', 16),
(590, 'زابل', 16),
(591, 'زابلی', 16),
(592, 'زاهدان', 16),
(593, 'زرآباد', 16),
(594, 'زهک', 16),
(595, 'سراوان', 16),
(596, 'سرباز', 16),
(597, 'سوران', 16),
(598, 'سیرکان', 16),
(599, 'شهرک علی اکبر', 16),
(600, 'فنوج', 16),
(601, 'قصرقند', 16),
(602, 'کنارک', 16),
(603, 'گشت', 16),
(604, 'گلمورتی', 16),
(605, 'محمدآباد', 16),
(606, 'محمدان', 16),
(607, 'محمدی', 16),
(608, 'میرجاوه', 16),
(609, 'نصرت آباد', 16),
(610, 'نگور', 16),
(611, 'نوک آباد', 16),
(612, 'نیک شهر', 16),
(613, 'هیدوچ', 16),
(614, 'آباده', 17),
(615, 'آباده طشک', 17),
(616, 'اردکان', 17),
(617, 'ارسنجان', 17),
(618, 'استهبان', 17),
(619, 'اسیر', 17),
(620, 'اشکنان', 17),
(621, 'افزر', 17),
(622, 'اقلید', 17),
(623, 'امام شهر', 17),
(624, 'اوز', 17),
(625, 'اهل', 17),
(626, 'ایج', 17),
(627, 'ایزدخواست', 17),
(628, 'باب انار', 17),
(629, 'بابامنیر', 17),
(630, 'بالاده', 17),
(631, 'بنارویه', 17),
(632, 'بوانات', 17),
(633, 'بهمن', 17),
(634, 'بیرم', 17),
(635, 'بیضا', 17),
(636, 'جنت شهر', 17),
(637, 'جویم', 17),
(638, 'جهرم', 17),
(639, 'حاجی آباد', 17),
(640, 'حسامی', 17),
(641, 'حسن اباد', 17),
(642, 'خانه زنیان', 17),
(643, 'خانیمن', 17),
(644, 'خاوران', 17),
(645, 'خرامه', 17),
(646, 'خشت', 17),
(647, 'خنج', 17),
(648, 'خور', 17),
(649, 'خوزی', 17),
(650, 'خومه زار', 17),
(651, 'داراب', 17),
(652, 'داریان', 17),
(653, 'دبیران', 17),
(654, 'دژکرد', 17),
(655, 'دوبرجی', 17),
(656, 'دوزه', 17),
(657, 'دهرم', 17),
(658, 'رامجرد', 17),
(659, 'رونیز', 17),
(660, 'زاهدشهر', 17),
(661, 'زرقان', 17),
(662, 'سده', 17),
(663, 'سروستان', 17),
(664, 'سعادت شهر', 17),
(665, 'سلطان شهر', 17),
(666, 'سورمق', 17),
(667, 'سیدان', 17),
(668, 'ششده', 17),
(669, 'شهرپیر', 17),
(670, 'شهرصدرا', 17),
(671, 'شیراز', 17),
(672, 'صغاد', 17),
(673, 'صفاشهر', 17),
(674, 'علامرودشت', 17),
(675, 'عمادده', 17),
(676, 'فدامی', 17),
(677, 'فراشبند', 17),
(678, 'فسا', 17),
(679, 'فیروزآباد', 17),
(680, 'قادراباد', 17),
(681, 'قایمیه', 17),
(682, 'قره بلاغ', 17),
(683, 'قطب آباد', 17),
(684, 'قطرویه', 17),
(685, 'قیر', 17),
(686, 'کارزین (فتح آباد)', 17),
(687, 'کازرون', 17),
(688, 'کامفیروز', 17),
(689, 'کره ای', 17),
(690, 'کنارتخته', 17),
(691, 'کوار', 17),
(692, 'کوپن', 17),
(693, 'کوهنجان', 17),
(694, 'گراش', 17),
(695, 'گله دار', 17),
(696, 'لار', 17),
(697, 'لامرد', 17),
(698, 'لپویی', 17),
(699, 'لطیفی', 17),
(700, 'مادرسلیمان', 17),
(701, 'مبارک آباددیز', 17),
(702, 'مرودشت', 17),
(703, 'مزایجان', 17),
(704, 'مشکان', 17),
(705, 'مصیری', 17),
(706, 'مهر', 17),
(707, 'میانشهر', 17),
(708, 'میمند', 17),
(709, 'نوبندگان', 17),
(710, 'نوجین', 17),
(711, 'نودان', 17),
(712, 'نورآباد', 17),
(713, 'نی ریز', 17),
(714, 'وراوی', 17),
(715, 'هماشهر', 17),
(716, 'آبگرم', 18),
(717, 'آبیک', 18),
(718, 'آوج', 18),
(719, 'ارداق', 18),
(720, 'اسفرورین', 18),
(721, 'اقبالیه', 18),
(722, 'الوند', 18),
(723, 'بویین زهرا', 18),
(724, 'بیدستان', 18),
(725, 'تاکستان', 18),
(726, 'خاکعلی', 18),
(727, 'خرمدشت', 18),
(728, 'دانسفهان', 18),
(729, 'رازمیان', 18),
(730, 'سگزآباد', 18),
(731, 'سیردان', 18),
(732, 'شال', 18),
(733, 'شریفیه', 18),
(734, 'ضیاڈآباد', 18),
(735, 'قزوین', 18),
(736, 'کوهین', 18),
(737, 'محمدیه', 18),
(738, 'محمودآبادنمونه', 18),
(739, 'معلم کلایه', 18),
(740, 'نرجه', 18),
(741, 'جعفریه', 19),
(742, 'دستجرد', 19),
(743, 'سلفچگان', 19),
(744, 'قم', 19),
(745, 'قنوات', 19),
(746, 'کهک', 19),
(747, 'آرمرده', 20),
(748, 'اورامان تخت', 20),
(749, 'بابارشانی', 20),
(750, 'بانه', 20),
(751, 'برده رشه', 20),
(752, 'بلبان آباد', 20),
(753, 'بویین سفلی', 20),
(754, 'بیجار', 20),
(755, 'پیرتاج', 20),
(756, 'توپ آغاج', 20),
(757, 'چناره', 20),
(758, 'دزج', 20),
(759, 'دلبران', 20),
(760, 'دهگلان', 20),
(761, 'دیواندره', 20),
(762, 'زرینه', 20),
(763, 'سروآباد', 20),
(764, 'سریش آباد', 20),
(765, 'سقز', 20),
(766, 'سنندج', 20),
(767, 'شویشه', 20),
(768, 'صاحب', 20),
(769, 'قروه', 20),
(770, 'کامیاران', 20),
(771, 'کانی دینار', 20),
(772, 'کانی سور', 20),
(773, 'مریوان', 20),
(774, 'موچش', 20),
(775, 'یاسوکند', 20),
(776, 'اختیارآباد', 21),
(777, 'ارزوییه', 21),
(778, 'امین شهر', 21),
(779, 'انار', 21),
(780, 'اندوهجرد', 21),
(781, 'باغین', 21),
(782, 'بافت', 21),
(783, 'بردسیر', 21),
(784, 'بروات', 21),
(785, 'بزنجان', 21),
(786, 'بلورد', 21),
(787, 'بلوک', 21),
(788, 'بم', 21),
(789, 'بهرمان', 21),
(790, 'پاریز', 21),
(791, 'جبالبارز', 21),
(792, 'جوپار', 21),
(793, 'جوزم', 21),
(794, 'جیرفت', 21),
(795, 'چترود', 21),
(796, 'خاتون اباد', 21),
(797, 'خانوک', 21),
(798, 'خواجو شهر', 21),
(799, 'خورسند', 21),
(800, 'درب بهشت', 21),
(801, 'دشتکار', 21),
(802, 'دوساری', 21),
(803, 'دهج', 21),
(804, 'رابر', 21),
(805, 'راور', 21),
(806, 'راین', 21),
(807, 'رفسنجان', 21),
(808, 'رودبار', 21),
(809, 'ریحان', 21),
(810, 'زرند', 21),
(811, 'زنگی آباد', 21),
(812, 'زهکلوت', 21),
(813, 'زیدآباد', 21),
(814, 'سیرجان', 21),
(815, 'شهداد', 21),
(816, 'شهربابک', 21),
(817, 'صفاییه', 21),
(818, 'عنبرآباد', 21),
(819, 'فاریاب', 21),
(820, 'فهرج', 21),
(821, 'قلعه گنج', 21),
(822, 'کاظم آباد', 21),
(823, 'کرمان', 21),
(824, 'کشکوییه', 21),
(825, 'کوهبنان', 21),
(826, 'کهنوج', 21),
(827, 'کیانشهر', 21),
(828, 'گلباف', 21),
(829, 'گلزار', 21),
(830, 'گنبکی', 21),
(831, 'لاله زار', 21),
(832, 'ماهان', 21),
(833, 'محمدآباد', 21),
(834, 'محی آباد', 21),
(835, 'مردهک', 21),
(836, 'مس سرچشمه', 21),
(837, 'منوجان', 21),
(838, 'نجف شهر', 21),
(839, 'نرماشیر', 21),
(840, 'نظام شهر', 21),
(841, 'نگار', 21),
(842, 'نودژ', 21),
(843, 'هجدک', 21),
(844, 'هماشهر', 21),
(845, 'هنزا', 21),
(846, 'یزدان شهر', 21),
(847, 'ازگله', 22),
(848, 'اسلام آبادغرب', 22),
(849, 'بانوره', 22),
(850, 'باینگان', 22),
(851, 'بیستون', 22),
(852, 'پاوه', 22),
(853, 'تازه آباد', 22),
(854, 'جوانرود', 22),
(855, 'حمیل', 22),
(856, 'رباط', 22),
(857, 'روانسر', 22),
(858, 'ریجاب', 22),
(859, 'سرپل ذهاب', 22),
(860, 'سرمست', 22),
(861, 'سطر', 22),
(862, 'سنقر', 22),
(863, 'سومار', 22),
(864, 'شاهو', 22),
(865, 'صحنه', 22),
(866, 'قصرشیرین', 22),
(867, 'کرمانشاه', 22),
(868, 'کرند', 22),
(869, 'کنگاور', 22),
(870, 'کوزران', 22),
(871, 'گودین', 22),
(872, 'گهواره', 22),
(873, 'گیلانغرب', 22),
(874, 'میان راهان', 22),
(875, 'نودشه', 22),
(876, 'نوسود', 22),
(877, 'هرسین', 22),
(878, 'هلشی', 22),
(879, 'باشت', 23),
(880, 'پاتاوه', 23),
(881, 'چرام', 23),
(882, 'چیتاب', 23),
(883, 'دوگنبدان', 23),
(884, 'دهدشت', 23),
(885, 'دیشموک', 23),
(886, 'سرفاریاب', 23),
(887, 'سوق', 23),
(888, 'سی سخت', 23),
(889, 'قلعه رییسی', 23),
(890, 'گراب سفلی', 23),
(891, 'لنده', 23),
(892, 'لیکک', 23),
(893, 'مادوان', 23),
(894, 'مارگون', 23),
(895, 'یاسوج', 23),
(896, 'آزادشهر', 24),
(897, 'آق قلا', 24),
(898, 'انبارآلوم', 24),
(899, 'اینچه برون', 24),
(900, 'بندرترکمن', 24),
(901, 'بندرگز', 24),
(902, 'تاتارعلیا', 24),
(903, 'جلین', 24),
(904, 'خان ببین', 24),
(905, 'دلند', 24),
(906, 'رامیان', 24),
(907, 'سرخنکلاته', 24),
(908, 'سنگدوین', 24),
(909, 'سیمین شهر', 24),
(910, 'علی اباد', 24),
(911, 'فاضل آباد', 24),
(912, 'فراغی', 24),
(913, 'کردکوی', 24),
(914, 'کلاله', 24),
(915, 'گالیکش', 24),
(916, 'گرگان', 24),
(917, 'گمیش تپه', 24),
(918, 'گنبدکاووس', 24),
(919, 'مراوه', 24),
(920, 'مزرعه', 24),
(921, 'مینودشت', 24),
(922, 'نگین شهر', 24),
(923, 'نوده خاندوز', 24),
(924, 'نوکنده', 24),
(925, 'آستارا', 25),
(926, 'آستانه اشرفیه', 25),
(927, 'احمدسرگوراب', 25),
(928, 'اسالم', 25),
(929, 'اطاقور', 25),
(930, 'املش', 25),
(931, 'بازار جمعه', 25),
(932, 'بره سر', 25),
(933, 'بندرانزلی', 25),
(934, 'پره سر', 25),
(935, 'توتکابن', 25),
(936, 'جیرنده', 25),
(937, 'چابکسر', 25),
(938, 'چاف و چمخاله', 25),
(939, 'چوبر', 25),
(940, 'حویق', 25),
(941, 'خشکبیجار', 25),
(942, 'خمام', 25),
(943, 'دیلمان', 25),
(944, 'رانکوه', 25),
(945, 'رحیم آباد', 25),
(946, 'رستم آباد', 25),
(947, 'رشت', 25),
(948, 'رضوانشهر', 25),
(949, 'رودبار', 25),
(950, 'رودبنه', 25),
(951, 'رودسر', 25),
(952, 'سنگر', 25),
(953, 'سیاهکل', 25),
(954, 'شفت', 25),
(955, 'شلمان', 25),
(956, 'صومعه سرا', 25),
(957, 'فومن', 25),
(958, 'کلاچای', 25),
(959, 'کوچصفهان', 25),
(960, 'کومله', 25),
(961, 'کیاشهر', 25),
(962, 'گوراب زرمیخ', 25),
(963, 'لاهیجان', 25),
(964, 'لشت نشاء', 25),
(965, 'لنگرود', 25),
(966, 'لوشان', 25),
(967, 'لولمان', 25),
(968, 'لوندویل', 25),
(969, 'لیسار', 25),
(970, 'ماسال', 25),
(971, 'ماسوله', 25),
(972, 'ماکلوان', 25),
(973, 'مرجقل', 25),
(974, 'منجیل', 25),
(975, 'واجارگاه', 25),
(976, 'هشتپر (تالش)', 25),
(977, 'ازنا', 26),
(978, 'اشترینان', 26),
(979, 'الشتر', 26),
(980, 'الیگودرز', 26),
(981, 'بروجرد', 26),
(982, 'بیران شهر', 26),
(983, 'پلدختر', 26),
(984, 'چالانچولان', 26),
(985, 'چقابل', 26),
(986, 'خرم آباد', 26),
(987, 'درب گنبد', 26),
(988, 'دورود', 26),
(989, 'زاغه', 26),
(990, 'سپیددشت', 26),
(991, 'سراب دوره', 26),
(992, 'شول آباد', 26),
(993, 'فیروزآباد', 26),
(994, 'کوهدشت', 26),
(995, 'کوهنانی', 26),
(996, 'گراب', 26),
(997, 'معمولان', 26),
(998, 'مومن آباد', 26),
(999, 'نورآباد', 26),
(1000, 'ویسیان', 26),
(1001, 'هفت چشمه', 26),
(1002, 'آلاشت', 27),
(1003, 'آمل', 27),
(1004, 'ارطه', 27),
(1005, 'امامزاده عبدالله', 27),
(1006, 'امیرکلا', 27),
(1007, 'ایزدشهر', 27),
(1008, 'بابل', 27),
(1009, 'بابلسر', 27),
(1010, 'بلده', 27),
(1011, 'بهشهر', 27),
(1012, 'بهنمیر', 27),
(1013, 'پایین هولار', 27),
(1014, 'پل سفید', 27),
(1015, 'پول', 27),
(1016, 'تنکابن', 27),
(1017, 'جویبار', 27),
(1018, 'چالوس', 27),
(1019, 'چمستان', 27),
(1020, 'خرم آباد', 27),
(1021, 'خلیل شهر', 27),
(1022, 'خوش رودپی', 27),
(1023, 'دابودشت', 27),
(1024, 'رامسر', 27),
(1025, 'رستمکلا', 27),
(1026, 'رویان', 27),
(1027, 'رینه', 27),
(1028, 'زرگرمحله', 27),
(1029, 'زیرآب', 27),
(1030, 'ساری', 27),
(1031, 'سرخرود', 27),
(1032, 'سلمان شهر', 27),
(1033, 'سورک', 27),
(1034, 'شیرگاه', 27),
(1035, 'شیرود', 27),
(1036, 'عباس اباد', 27),
(1037, 'فریدونکنار', 27),
(1038, 'فریم', 27),
(1039, 'قایم شهر', 27),
(1040, 'کتالم وسادات شهر', 27),
(1041, 'کجور', 27),
(1042, 'کلارآباد', 27),
(1043, 'کلاردشت', 27),
(1044, 'کوهی خیل', 27),
(1045, 'کیاسر', 27),
(1046, 'کیاکلا', 27),
(1047, 'گتاب', 27),
(1048, 'گزنک', 27),
(1049, 'گلوگاه', 27),
(1050, 'محمودآباد', 27),
(1051, 'مرزن آباد', 27),
(1052, 'مرزیکلا', 27),
(1053, 'نشتارود', 27),
(1054, 'نکا', 27),
(1055, 'نور', 27),
(1056, 'نوشهر', 27),
(1057, 'هادی شهر', 27),
(1058, 'هچیرود', 27),
(1059, 'آستانه', 28),
(1060, 'آشتیان', 28),
(1061, 'آوه', 28),
(1062, 'اراک', 28),
(1063, 'پرندک', 28),
(1064, 'تفرش', 28),
(1065, 'توره', 28),
(1066, 'جاورسیان', 28),
(1067, 'خشکرود', 28),
(1068, 'خمین', 28),
(1069, 'خنجین', 28),
(1070, 'خنداب', 28),
(1071, 'داودآباد', 28),
(1072, 'دلیجان', 28),
(1073, 'رازقان', 28),
(1074, 'زاویه', 28),
(1075, 'ساروق', 28),
(1076, 'ساوه', 28),
(1077, 'شازند', 28),
(1078, 'شهباز', 28),
(1079, 'غرق آباد', 28),
(1080, 'فرمهین', 28),
(1081, 'قورچی باشی', 28),
(1082, 'کارچان', 28),
(1083, 'کمیجان', 28),
(1084, 'مامونیه', 28),
(1085, 'محلات', 28),
(1086, 'مهاجران', 28),
(1087, 'میلاجرد', 28),
(1088, 'نراق', 28),
(1089, 'نوبران', 28),
(1090, 'نیمور', 28),
(1091, 'هندودر', 28),
(1092, 'ابوموسی', 29),
(1093, 'بستک', 29),
(1094, 'بندرجاسک', 29),
(1095, 'بندرعباس', 29),
(1096, 'بندرلنگه', 29),
(1097, 'بیکاء', 29),
(1098, 'پارسیان', 29),
(1099, 'تازیان پایین', 29),
(1100, 'تخت', 29),
(1101, 'تیرور', 29),
(1102, 'جناح', 29),
(1103, 'چارک', 29),
(1104, 'حاجی اباد', 29),
(1105, 'خمیر', 29),
(1106, 'درگهان', 29),
(1107, 'دشتی', 29),
(1108, 'دهبارز', 29),
(1109, 'رویدر', 29),
(1110, 'زیارتعلی', 29),
(1111, 'سردشت', 29),
(1112, 'سرگز', 29),
(1113, 'سندرک', 29),
(1114, 'سوزا', 29),
(1115, 'سیریک', 29),
(1116, 'فارغان', 29),
(1117, 'فین', 29),
(1118, 'قشم', 29),
(1119, 'قلعه قاضی', 29),
(1120, 'کنگ', 29),
(1121, 'کوشکنار', 29),
(1122, 'کوهستک', 29),
(1123, 'کیش', 29),
(1124, 'گروک', 29),
(1125, 'گوهران', 29),
(1126, 'لمزان', 29),
(1127, 'میناب', 29),
(1128, 'هرمز', 29),
(1129, 'هشتبندی', 29),
(1130, 'آجین', 30),
(1131, 'ازندریان', 30),
(1132, 'اسدآباد', 30),
(1133, 'برزول', 30),
(1134, 'بهار', 30),
(1135, 'تویسرکان', 30),
(1136, 'جورقان', 30),
(1137, 'جوکار', 30),
(1138, 'دمق', 30),
(1139, 'رزن', 30),
(1140, 'زنگنه', 30),
(1141, 'سامن', 30),
(1142, 'سرکان', 30),
(1143, 'شیرین سو', 30),
(1144, 'صالح آباد', 30),
(1145, 'فامنین', 30),
(1146, 'فرسفج', 30),
(1147, 'فیروزان', 30),
(1148, 'قروه درجزین', 30),
(1149, 'قهاوند', 30),
(1150, 'کبودرآهنگ', 30),
(1151, 'گل تپه', 30),
(1152, 'گیان', 30),
(1153, 'لالجین', 30),
(1154, 'مریانج', 30),
(1155, 'ملایر', 30),
(1156, 'مهاجران', 30),
(1157, 'نهاوند', 30),
(1158, 'همدان', 30),
(1159, 'ابرکوه', 31),
(1160, 'احمدآباد', 31),
(1161, 'اردکان', 31),
(1162, 'اشکذر', 31),
(1163, 'بافق', 31),
(1164, 'بفروییه', 31),
(1165, 'بهاباد', 31),
(1166, 'تفت', 31),
(1167, 'حمیدیا', 31),
(1168, 'خضرآباد', 31),
(1169, 'زارچ', 31),
(1170, 'شاهدیه', 31),
(1171, 'عقدا', 31),
(1172, 'مروست', 31),
(1173, 'مهردشت', 31),
(1174, 'مهریز', 31),
(1175, 'میبد', 31),
(1176, 'ندوشن', 31),
(1177, 'نیر', 31),
(1178, 'هرات', 31),
(1179, 'یزد', 31);

-- --------------------------------------------------------

--
-- Table structure for table `dayli`
--

CREATE TABLE `dayli` (
  `id` int(11) NOT NULL,
  `day` varchar(255) DEFAULT NULL,
  `week` varchar(255) DEFAULT NULL,
  `month` varchar(255) DEFAULT NULL,
  `year` varchar(255) DEFAULT NULL,
  `time` varchar(255) DEFAULT NULL,
  `add` varchar(255) DEFAULT NULL
) ENGINE=InnoDB DEFAULT CHARSET=utf8;

-- --------------------------------------------------------

--
-- Table structure for table `games`
--

CREATE TABLE `games` (
  `id` int(11) NOT NULL,
  `player_1` int(11) NOT NULL,
  `player_2` int(11) DEFAULT NULL,
  `type_id` int(11) NOT NULL,
  `amount` int(11) NOT NULL,
  `status_id` int(11) NOT NULL,
  `total_amount` int(11) NOT NULL,
  `winner_id` int(11) DEFAULT NULL,
  `loser_id` int(11) DEFAULT NULL,
  `started_at` datetime DEFAULT NULL,
  `finished_at` datetime DEFAULT NULL,
  `datetime` datetime NOT NULL
) ENGINE=InnoDB DEFAULT CHARSET=utf8 COLLATE=utf8_persian_ci;

--
-- Dumping data for table `games`
--

INSERT INTO `games` (`id`, `player_1`, `player_2`, `type_id`, `amount`, `status_id`, `total_amount`, `winner_id`, `loser_id`, `started_at`, `finished_at`, `datetime`) VALUES
(1, 3, NULL, 1, 10000, 4, 18000, NULL, NULL, NULL, NULL, '2017-12-21 19:15:25'),
(2, 40, NULL, 1, 100, 4, 180, NULL, NULL, NULL, NULL, '2017-12-21 19:54:11'),
(3, 43, NULL, 1, 1000, 4, 1800, NULL, NULL, NULL, NULL, '2017-12-21 20:43:45'),
(4, 44, NULL, 1, 1000, 1, 1800, NULL, NULL, NULL, NULL, '2017-12-21 22:24:17'),
(5, 3, NULL, 1, 1000, 4, 1800, NULL, NULL, NULL, NULL, '2017-12-21 23:16:15'),
(6, 3, NULL, 1, 1000, 4, 1800, NULL, NULL, NULL, NULL, '2017-12-21 23:49:07'),
(7, 3, 45, 1, 100, 3, 180, 3, 45, '2017-12-21 23:52:54', '2017-12-21 23:58:10', '2017-12-21 23:52:50'),
(8, 45, 3, 1, 1000, 3, 1800, 3, 45, '2017-12-22 00:20:27', '2017-12-22 00:22:05', '2017-12-22 00:20:19'),
(9, 3, 45, 1, 100, 3, 180, 45, 3, '2017-12-22 00:26:42', '2017-12-22 00:27:04', '2017-12-22 00:26:39'),
(10, 45, 3, 1, 100, 3, 180, 45, 3, '2017-12-22 00:28:25', '2017-12-22 00:32:20', '2017-12-22 00:28:20'),
(11, 3, 46, 1, 10000, 3, 18000, 46, 3, '2017-12-22 12:00:22', '2017-12-22 12:03:31', '2017-12-22 11:58:02'),
(12, 47, 3, 1, 1000, 3, 1800, 3, 47, '2017-12-22 13:29:21', '2017-12-22 13:30:32', '2017-12-22 13:29:17'),
(13, 3, 47, 1, 100, 3, 180, 47, 3, '2017-12-22 13:31:13', '2017-12-22 13:31:48', '2017-12-22 13:31:02'),
(14, 3, 47, 1, 100, 3, 180, 3, 47, '2017-12-22 13:34:41', '2017-12-22 13:34:44', '2017-12-22 13:34:33'),
(15, 47, 3, 1, 100, 3, 180, 47, 3, '2017-12-22 13:36:30', '2017-12-22 13:36:33', '2017-12-22 13:36:22'),
(16, 47, 3, 1, 100, 3, 180, 47, 3, '2017-12-22 13:39:06', '2017-12-22 13:39:10', '2017-12-22 13:39:01'),
(17, 3, 47, 1, 100, 3, 180, 3, 47, '2017-12-22 13:40:15', '2017-12-22 13:40:24', '2017-12-22 13:40:09'),
(18, 3, 47, 1, 100, 3, 180, 3, 47, '2017-12-22 13:40:59', '2017-12-22 13:41:14', '2017-12-22 13:40:47');

-- --------------------------------------------------------

--
-- Table structure for table `games_boards`
--

CREATE TABLE `games_boards` (
  `id` int(11) NOT NULL,
  `game_id` int(11) NOT NULL,
  `winner_id` int(11) DEFAULT NULL,
  `status_id` int(11) NOT NULL,
  `started_at` datetime NOT NULL,
  `finished_at` datetime NOT NULL
) ENGINE=InnoDB DEFAULT CHARSET=utf8 COLLATE=utf8_persian_ci;

--
-- Dumping data for table `games_boards`
--

INSERT INTO `games_boards` (`id`, `game_id`, `winner_id`, `status_id`, `started_at`, `finished_at`) VALUES
(1, 7, 3, 2, '2017-12-21 23:52:54', '2017-12-21 23:58:10'),
(2, 8, 3, 2, '2017-12-22 00:20:27', '2017-12-22 00:22:04'),
(3, 8, 3, 2, '2017-12-22 00:22:04', '2017-12-22 00:22:05'),
(4, 9, 45, 2, '2017-12-22 00:26:42', '2017-12-22 00:27:03'),
(5, 9, 45, 2, '2017-12-22 00:27:03', '2017-12-22 00:27:04'),
(6, 10, 45, 2, '2017-12-22 00:28:25', '2017-12-22 00:32:20'),
(7, 10, 45, 2, '2017-12-22 00:32:20', '2017-12-22 00:32:20'),
(8, 11, 46, 2, '2017-12-22 12:00:22', '2017-12-22 12:03:31'),
(9, 11, 46, 2, '2017-12-22 12:03:31', '2017-12-22 12:03:31'),
(10, 12, 3, 2, '2017-12-22 13:29:21', '2017-12-22 13:30:32'),
(11, 12, 3, 2, '2017-12-22 13:30:32', '2017-12-22 13:30:32'),
(12, 13, 47, 2, '2017-12-22 13:31:13', '2017-12-22 13:31:47'),
(13, 13, 47, 2, '2017-12-22 13:31:47', '2017-12-22 13:31:48'),
(14, 14, 3, 2, '2017-12-22 13:34:41', '2017-12-22 13:34:44'),
(15, 14, 3, 2, '2017-12-22 13:34:44', '2017-12-22 13:34:44'),
(16, 15, 47, 2, '2017-12-22 13:36:30', '2017-12-22 13:36:32'),
(17, 15, 47, 2, '2017-12-22 13:36:32', '2017-12-22 13:36:32'),
(18, 16, 47, 2, '2017-12-22 13:39:06', '2017-12-22 13:39:10'),
(19, 16, 47, 2, '2017-12-22 13:39:10', '2017-12-22 13:39:10'),
(20, 17, 3, 2, '2017-12-22 13:40:15', '2017-12-22 13:40:24'),
(21, 17, 3, 2, '2017-12-22 13:40:24', '2017-12-22 13:40:24'),
(22, 18, 3, 2, '2017-12-22 13:40:59', '2017-12-22 13:41:13'),
(23, 18, 3, 2, '2017-12-22 13:41:13', '2017-12-22 13:41:14');

-- --------------------------------------------------------

--
-- Table structure for table `games_boards_dices`
--

CREATE TABLE `games_boards_dices` (
  `id` int(11) NOT NULL,
  `board_id` int(11) NOT NULL,
  `player_id` int(11) NOT NULL,
  `roll_1` int(11) DEFAULT NULL,
  `roll_2` int(11) DEFAULT NULL,
  `datetime` datetime DEFAULT NULL
) ENGINE=InnoDB DEFAULT CHARSET=utf8 COLLATE=utf8_persian_ci;

--
-- Dumping data for table `games_boards_dices`
--

INSERT INTO `games_boards_dices` (`id`, `board_id`, `player_id`, `roll_1`, `roll_2`, `datetime`) VALUES
(1, 1, 45, 1, 5, '2017-12-21 23:52:55'),
(2, 1, 3, 2, 4, '2017-12-21 23:54:01'),
(3, 1, 45, 5, 5, '2017-12-21 23:55:06'),
(4, 1, 3, 6, 5, '2017-12-21 23:55:15'),
(5, 1, 45, 1, 1, '2017-12-21 23:55:19'),
(6, 1, 3, 2, 6, '2017-12-21 23:55:27'),
(7, 1, 45, 4, 1, '2017-12-21 23:55:31'),
(8, 1, 3, 2, 1, '2017-12-21 23:55:35'),
(9, 1, 45, 3, 2, '2017-12-21 23:55:39'),
(10, 1, 3, 5, 1, '2017-12-21 23:55:43'),
(11, 1, 45, 3, 5, '2017-12-21 23:55:47'),
(12, 1, 3, 2, 2, '2017-12-21 23:55:51'),
(13, 1, 45, 5, 5, '2017-12-21 23:55:59'),
(14, 1, 3, 6, 6, '2017-12-21 23:56:08'),
(15, 1, 45, 5, 6, '2017-12-21 23:56:16'),
(16, 1, 3, 5, 3, '2017-12-21 23:56:20'),
(17, 1, 45, 6, 1, '2017-12-21 23:56:24'),
(18, 1, 3, 6, 6, '2017-12-21 23:56:28'),
(19, 1, 45, 4, 5, '2017-12-21 23:56:36'),
(20, 1, 3, 6, 2, '2017-12-21 23:56:40'),
(21, 1, 45, 3, 2, '2017-12-21 23:56:44'),
(22, 1, 3, 1, 4, '2017-12-21 23:56:48'),
(23, 1, 45, 1, 4, '2017-12-21 23:56:52'),
(24, 1, 3, 6, 6, '2017-12-21 23:56:57'),
(25, 1, 45, 2, 4, '2017-12-21 23:57:05'),
(26, 1, 3, 6, 1, '2017-12-21 23:57:09'),
(27, 1, 45, 4, 5, '2017-12-21 23:57:13'),
(28, 1, 3, 2, 3, '2017-12-21 23:57:17'),
(29, 1, 45, 3, 6, '2017-12-21 23:57:21'),
(30, 1, 3, 6, 5, '2017-12-21 23:57:25'),
(31, 1, 45, 5, 5, '2017-12-21 23:57:29'),
(32, 1, 3, 6, 4, '2017-12-21 23:57:37'),
(33, 1, 45, 4, 4, '2017-12-21 23:57:41'),
(34, 1, 3, 6, 4, '2017-12-21 23:57:49'),
(35, 1, 45, 5, 6, '2017-12-21 23:57:53'),
(36, 1, 3, 3, 4, '2017-12-21 23:57:57'),
(37, 1, 45, 4, 5, '2017-12-21 23:58:02'),
(38, 1, 3, 4, 1, '2017-12-21 23:58:06'),
(39, 2, 3, 3, 5, '2017-12-22 00:20:27'),
(40, 2, 45, 4, 2, '2017-12-22 00:20:53'),
(41, 2, 3, 4, 4, '2017-12-22 00:21:19'),
(42, 2, 45, 1, 6, '2017-12-22 00:21:49'),
(43, 2, 3, 2, 1, '2017-12-22 00:22:00'),
(44, 4, 45, 2, 3, '2017-12-22 00:26:43'),
(45, 6, 45, 3, 2, '2017-12-22 00:28:25'),
(46, 6, 3, 3, 2, '2017-12-22 00:28:53'),
(47, 6, 45, 2, 2, '2017-12-22 00:28:59'),
(48, 6, 3, 2, 3, '2017-12-22 00:29:29'),
(49, 6, 45, 1, 2, '2017-12-22 00:29:40'),
(50, 6, 3, 4, 1, '2017-12-22 00:30:07'),
(51, 6, 45, 1, 2, '2017-12-22 00:30:33'),
(52, 6, 3, 2, 3, '2017-12-22 00:30:59'),
(53, 6, 45, 5, 1, '2017-12-22 00:31:25'),
(54, 6, 3, 2, 4, '2017-12-22 00:31:51'),
(55, 6, 45, 5, 2, '2017-12-22 00:32:17'),
(56, 8, 46, 3, 4, '2017-12-22 12:00:22'),
(57, 8, 3, 4, 2, '2017-12-22 12:00:37'),
(58, 8, 46, 1, 3, '2017-12-22 12:01:03'),
(59, 8, 3, 2, 5, '2017-12-22 12:01:29'),
(60, 8, 46, 5, 2, '2017-12-22 12:01:55'),
(61, 8, 3, 1, 3, '2017-12-22 12:02:19'),
(62, 8, 46, 5, 2, '2017-12-22 12:02:32'),
(63, 8, 3, 4, 6, '2017-12-22 12:02:49'),
(64, 8, 46, 2, 1, '2017-12-22 12:03:03'),
(65, 8, 3, 5, 4, '2017-12-22 12:03:27'),
(66, 10, 47, 4, 3, '2017-12-22 13:29:21'),
(67, 10, 3, 3, 6, '2017-12-22 13:29:39'),
(68, 10, 47, 3, 5, '2017-12-22 13:30:05'),
(69, 10, 3, 6, 6, '2017-12-22 13:30:31'),
(70, 12, 47, 2, 4, '2017-12-22 13:31:13'),
(71, 12, 3, 5, 5, '2017-12-22 13:31:25'),
(72, 12, 47, 5, 1, '2017-12-22 13:31:44'),
(73, 14, 47, 1, 4, '2017-12-22 13:34:41'),
(74, 16, 47, 6, 5, '2017-12-22 13:36:30'),
(75, 18, 47, 5, 1, '2017-12-22 13:39:07'),
(76, 20, 47, 1, 5, '2017-12-22 13:40:16'),
(77, 22, 3, 3, 2, '2017-12-22 13:40:59');

-- --------------------------------------------------------

--
-- Table structure for table `games_boards_plays`
--

CREATE TABLE `games_boards_plays` (
  `id` int(11) NOT NULL,
  `dice_id` int(11) NOT NULL,
  `from` int(11) NOT NULL,
  `to` int(11) NOT NULL,
  `distance` int(11) NOT NULL,
  `datetime` datetime NOT NULL
) ENGINE=InnoDB DEFAULT CHARSET=utf8 COLLATE=utf8_persian_ci;

--
-- Dumping data for table `games_boards_plays`
--

INSERT INTO `games_boards_plays` (`id`, `dice_id`, `from`, `to`, `distance`, `datetime`) VALUES
(1, 1, 1, 2, 1, '2017-12-21 23:53:57'),
(2, 1, 2, 7, 5, '2017-12-21 23:53:59'),
(3, 2, 24, 22, 2, '2017-12-21 23:55:02'),
(4, 2, 24, 20, 4, '2017-12-21 23:55:04'),
(5, 3, 7, 12, 5, '2017-12-21 23:55:07'),
(6, 3, 12, 17, 5, '2017-12-21 23:55:09'),
(7, 3, 12, 17, 5, '2017-12-21 23:55:11'),
(8, 3, 12, 17, 5, '2017-12-21 23:55:13'),
(9, 4, 22, 16, 6, '2017-12-21 23:55:15'),
(10, 4, 20, 15, 5, '2017-12-21 23:55:17'),
(11, 5, 1, 2, 1, '2017-12-21 23:55:19'),
(12, 5, 2, 3, 1, '2017-12-21 23:55:21'),
(13, 5, 3, 4, 1, '2017-12-21 23:55:23'),
(14, 5, 4, 5, 1, '2017-12-21 23:55:25'),
(15, 6, 16, 14, 2, '2017-12-21 23:55:27'),
(16, 6, 15, 9, 6, '2017-12-21 23:55:29'),
(17, 7, 5, 9, 4, '2017-12-21 23:55:31'),
(18, 7, 9, 10, 1, '2017-12-21 23:55:33'),
(19, 8, 26, 24, 1, '2017-12-21 23:55:35'),
(20, 8, 24, 22, 2, '2017-12-21 23:55:37'),
(21, 9, 10, 12, 2, '2017-12-21 23:55:39'),
(22, 9, 12, 15, 3, '2017-12-21 23:55:41'),
(23, 10, 22, 21, 1, '2017-12-21 23:55:43'),
(24, 10, 21, 16, 5, '2017-12-21 23:55:45'),
(25, 11, 12, 15, 3, '2017-12-21 23:55:47'),
(26, 11, 12, 17, 5, '2017-12-21 23:55:49'),
(27, 12, 16, 14, 2, '2017-12-21 23:55:51'),
(28, 12, 14, 12, 2, '2017-12-21 23:55:53'),
(29, 12, 14, 12, 2, '2017-12-21 23:55:55'),
(30, 12, 13, 11, 2, '2017-12-21 23:55:57'),
(31, 13, 28, 5, 5, '2017-12-21 23:56:00'),
(32, 13, 5, 10, 5, '2017-12-21 23:56:02'),
(33, 13, 10, 15, 5, '2017-12-21 23:56:04'),
(34, 13, 15, 20, 5, '2017-12-21 23:56:06'),
(35, 14, 13, 7, 6, '2017-12-21 23:56:08'),
(36, 14, 13, 7, 6, '2017-12-21 23:56:10'),
(37, 14, 13, 7, 6, '2017-12-21 23:56:12'),
(38, 14, 13, 7, 6, '2017-12-21 23:56:14'),
(39, 15, 15, 20, 5, '2017-12-21 23:56:16'),
(40, 15, 15, 21, 6, '2017-12-21 23:56:18'),
(41, 16, 12, 9, 3, '2017-12-21 23:56:20'),
(42, 16, 12, 7, 5, '2017-12-21 23:56:22'),
(43, 17, 17, 18, 1, '2017-12-21 23:56:24'),
(44, 17, 17, 23, 6, '2017-12-21 23:56:26'),
(45, 18, 11, 5, 6, '2017-12-21 23:56:28'),
(46, 18, 9, 3, 6, '2017-12-21 23:56:30'),
(47, 18, 8, 2, 6, '2017-12-21 23:56:32'),
(48, 18, 8, 2, 6, '2017-12-21 23:56:34'),
(49, 19, 17, 21, 4, '2017-12-21 23:56:36'),
(50, 19, 17, 22, 5, '2017-12-21 23:56:38'),
(51, 20, 8, 6, 2, '2017-12-21 23:56:40'),
(52, 20, 7, 1, 6, '2017-12-21 23:56:42'),
(53, 21, 17, 19, 2, '2017-12-21 23:56:44'),
(54, 21, 17, 20, 3, '2017-12-21 23:56:46'),
(55, 22, 7, 6, 1, '2017-12-21 23:56:48'),
(56, 22, 7, 3, 4, '2017-12-21 23:56:50'),
(57, 23, 17, 18, 1, '2017-12-21 23:56:53'),
(58, 23, 18, 22, 4, '2017-12-21 23:56:55'),
(59, 24, 7, 1, 6, '2017-12-21 23:56:57'),
(60, 24, 7, 1, 6, '2017-12-21 23:56:59'),
(61, 24, 6, 25, 6, '2017-12-21 23:57:01'),
(62, 24, 6, 25, 6, '2017-12-21 23:57:03'),
(63, 25, 18, 20, 2, '2017-12-21 23:57:05'),
(64, 25, 21, 27, 4, '2017-12-21 23:57:07'),
(65, 26, 1, 25, 1, '2017-12-21 23:57:09'),
(66, 26, 6, 25, 6, '2017-12-21 23:57:11'),
(67, 27, 21, 27, 4, '2017-12-21 23:57:13'),
(68, 27, 20, 27, 5, '2017-12-21 23:57:15'),
(69, 28, 2, 25, 2, '2017-12-21 23:57:17'),
(70, 28, 3, 25, 3, '2017-12-21 23:57:19'),
(71, 29, 22, 27, 3, '2017-12-21 23:57:21'),
(72, 29, 19, 27, 6, '2017-12-21 23:57:23'),
(73, 30, 5, 25, 5, '2017-12-21 23:57:25'),
(74, 30, 6, 25, 6, '2017-12-21 23:57:27'),
(75, 31, 20, 27, 5, '2017-12-21 23:57:29'),
(76, 31, 20, 27, 5, '2017-12-21 23:57:31'),
(77, 31, 20, 27, 5, '2017-12-21 23:57:33'),
(78, 31, 19, 24, 5, '2017-12-21 23:57:35'),
(79, 32, 6, 25, 6, '2017-12-21 23:57:37'),
(80, 32, 6, 2, 4, '2017-12-21 23:57:39'),
(81, 33, 19, 23, 4, '2017-12-21 23:57:41'),
(82, 33, 19, 23, 4, '2017-12-21 23:57:43'),
(83, 33, 19, 23, 4, '2017-12-21 23:57:45'),
(84, 33, 19, 23, 4, '2017-12-21 23:57:47'),
(85, 34, 6, 25, 6, '2017-12-21 23:57:49'),
(86, 34, 3, 25, 3, '2017-12-21 23:57:51'),
(87, 35, 22, 27, 3, '2017-12-21 23:57:53'),
(88, 35, 23, 27, 2, '2017-12-21 23:57:55'),
(89, 36, 2, 25, 2, '2017-12-21 23:57:58'),
(90, 36, 2, 25, 2, '2017-12-21 23:58:00'),
(91, 37, 23, 27, 2, '2017-12-21 23:58:02'),
(92, 37, 23, 27, 2, '2017-12-21 23:58:04'),
(93, 38, 1, 25, 1, '2017-12-21 23:58:06'),
(94, 38, 1, 25, 1, '2017-12-21 23:58:08'),
(95, 39, 1, 4, 3, '2017-12-22 00:20:49'),
(96, 39, 4, 9, 5, '2017-12-22 00:20:51'),
(97, 40, 24, 22, 2, '2017-12-22 00:21:15'),
(98, 40, 24, 20, 4, '2017-12-22 00:21:17'),
(99, 41, 1, 5, 4, '2017-12-22 00:21:41'),
(100, 41, 5, 9, 4, '2017-12-22 00:21:43'),
(101, 41, 12, 16, 4, '2017-12-22 00:21:45'),
(102, 41, 12, 16, 4, '2017-12-22 00:21:47'),
(103, 42, 22, 21, 1, '2017-12-22 00:21:57'),
(104, 42, 21, 15, 6, '2017-12-22 00:21:58'),
(105, 45, 24, 22, 2, '2017-12-22 00:28:49'),
(106, 45, 24, 21, 3, '2017-12-22 00:28:51'),
(107, 46, 17, 20, 3, '2017-12-22 00:28:56'),
(108, 46, 19, 21, 2, '2017-12-22 00:28:57'),
(109, 47, 26, 23, 2, '2017-12-22 00:29:21'),
(110, 47, 23, 21, 2, '2017-12-22 00:29:23'),
(111, 47, 22, 20, 2, '2017-12-22 00:29:25'),
(112, 47, 20, 18, 2, '2017-12-22 00:29:27'),
(113, 48, 28, 3, 3, '2017-12-22 00:29:38'),
(114, 48, 28, 2, 2, '2017-12-22 00:29:38'),
(115, 49, 21, 20, 1, '2017-12-22 00:30:03'),
(116, 49, 20, 18, 2, '2017-12-22 00:30:05'),
(117, 50, 1, 2, 1, '2017-12-22 00:30:29'),
(118, 50, 1, 5, 4, '2017-12-22 00:30:31'),
(119, 51, 18, 16, 2, '2017-12-22 00:30:55'),
(120, 51, 16, 15, 1, '2017-12-22 00:30:57'),
(121, 52, 2, 4, 2, '2017-12-22 00:31:21'),
(122, 52, 2, 5, 3, '2017-12-22 00:31:23'),
(123, 53, 18, 13, 5, '2017-12-22 00:31:47'),
(124, 53, 15, 14, 1, '2017-12-22 00:31:49'),
(125, 54, 3, 5, 2, '2017-12-22 00:32:13'),
(126, 54, 5, 9, 4, '2017-12-22 00:32:15'),
(127, 56, 12, 16, 4, '2017-12-22 12:00:33'),
(128, 56, 12, 15, 3, '2017-12-22 12:00:35'),
(129, 57, 24, 22, 2, '2017-12-22 12:00:59'),
(130, 57, 24, 20, 4, '2017-12-22 12:01:01'),
(131, 58, 1, 2, 1, '2017-12-22 12:01:25'),
(132, 58, 1, 4, 3, '2017-12-22 12:01:27'),
(133, 59, 22, 20, 2, '2017-12-22 12:01:51'),
(134, 59, 20, 15, 5, '2017-12-22 12:01:53'),
(135, 60, 28, 5, 5, '2017-12-22 12:02:11'),
(136, 60, 2, 4, 2, '2017-12-22 12:02:17'),
(137, 61, 6, 3, 3, '2017-12-22 12:02:28'),
(138, 61, 6, 5, 1, '2017-12-22 12:02:30'),
(139, 62, 28, 5, 5, '2017-12-22 12:02:44'),
(140, 62, 5, 7, 2, '2017-12-22 12:02:47'),
(141, 63, 26, 21, 4, '2017-12-22 12:02:58'),
(142, 63, 20, 14, 6, '2017-12-22 12:03:00'),
(143, 64, 12, 14, 2, '2017-12-22 12:03:12'),
(144, 64, 4, 5, 1, '2017-12-22 12:03:25'),
(145, 66, 24, 20, 4, '2017-12-22 13:29:36'),
(146, 66, 6, 3, 3, '2017-12-22 13:29:37'),
(147, 67, 1, 4, 3, '2017-12-22 13:30:01'),
(148, 67, 1, 7, 6, '2017-12-22 13:30:03'),
(149, 68, 24, 21, 3, '2017-12-22 13:30:27'),
(150, 68, 21, 16, 5, '2017-12-22 13:30:29'),
(151, 70, 19, 23, 4, '2017-12-22 13:31:21'),
(152, 70, 19, 21, 2, '2017-12-22 13:31:23'),
(153, 71, 8, 3, 5, '2017-12-22 13:31:34'),
(154, 71, 8, 3, 5, '2017-12-22 13:31:36'),
(155, 71, 8, 3, 5, '2017-12-22 13:31:37'),
(156, 71, 13, 8, 5, '2017-12-22 13:31:42');

-- --------------------------------------------------------

--
-- Table structure for table `games_boards_status`
--

CREATE TABLE `games_boards_status` (
  `id` int(11) NOT NULL,
  `title` varchar(255) COLLATE utf8_persian_ci NOT NULL
) ENGINE=InnoDB DEFAULT CHARSET=utf8 COLLATE=utf8_persian_ci;

--
-- Dumping data for table `games_boards_status`
--

INSERT INTO `games_boards_status` (`id`, `title`) VALUES
(1, 'در حال بازی'),
(2, 'پایان بازی');

-- --------------------------------------------------------

--
-- Table structure for table `games_status`
--

CREATE TABLE `games_status` (
  `id` int(11) NOT NULL,
  `title` varchar(255) COLLATE utf8_persian_ci NOT NULL
) ENGINE=InnoDB DEFAULT CHARSET=utf8 COLLATE=utf8_persian_ci;

--
-- Dumping data for table `games_status`
--

INSERT INTO `games_status` (`id`, `title`) VALUES
(1, 'در انتظار حریف'),
(2, 'در حال بازی'),
(3, 'پایان بازی'),
(4, 'لغو شده'),
(5, 'تست');

-- --------------------------------------------------------

--
-- Table structure for table `games_types`
--

CREATE TABLE `games_types` (
  `id` int(11) NOT NULL,
  `title` varchar(255) COLLATE utf8_persian_ci NOT NULL
) ENGINE=InnoDB DEFAULT CHARSET=utf8 COLLATE=utf8_persian_ci;

--
-- Dumping data for table `games_types`
--

INSERT INTO `games_types` (`id`, `title`) VALUES
(1, 'تک دست'),
(2, '3 دست'),
(3, '7 دست');

-- --------------------------------------------------------

--
-- Table structure for table `gift`
--

CREATE TABLE `gift` (
  `id` int(11) NOT NULL,
  `id_user` int(11) NOT NULL,
  `type` int(11) NOT NULL
) ENGINE=InnoDB DEFAULT CHARSET=utf8;

-- --------------------------------------------------------

--
-- Table structure for table `lastsettle`
--

CREATE TABLE `lastsettle` (
  `id` int(11) NOT NULL,
  `time` varchar(255) NOT NULL,
  `admission` varchar(255) NOT NULL
) ENGINE=InnoDB DEFAULT CHARSET=utf8;

-- --------------------------------------------------------

--
-- Table structure for table `ligs`
--

CREATE TABLE `ligs` (
  `id` int(11) NOT NULL,
  `title` varchar(255) COLLATE utf8_persian_ci NOT NULL,
  `type_id` int(11) NOT NULL,
  `start_date` date NOT NULL,
  `start_time` time NOT NULL,
  `players_count` int(11) NOT NULL,
  `amount` int(11) NOT NULL,
  `total_amount` int(11) NOT NULL,
  `status_id` int(11) NOT NULL,
  `datetime` datetime NOT NULL
) ENGINE=InnoDB DEFAULT CHARSET=utf8 COLLATE=utf8_persian_ci;

--
-- Dumping data for table `ligs`
--

INSERT INTO `ligs` (`id`, `title`, `type_id`, `start_date`, `start_time`, `players_count`, `amount`, `total_amount`, `status_id`, `datetime`) VALUES
(1, 'ifjejifjefjie', 1, '1393-12-01', '10:00:00', 4, 100000, 1000, 1, '2017-12-28 21:42:29');

-- --------------------------------------------------------

--
-- Table structure for table `ligs_games`
--

CREATE TABLE `ligs_games` (
  `id` int(11) NOT NULL,
  `lig_id` int(11) NOT NULL,
  `status_id` int(11) NOT NULL,
  `player_1` int(11) DEFAULT NULL,
  `player_2` int(11) DEFAULT NULL,
  `winner_id` int(11) DEFAULT NULL,
  `loser_id` int(11) DEFAULT NULL,
  `started_at` datetime DEFAULT NULL,
  `finished_at` datetime DEFAULT NULL
) ENGINE=InnoDB DEFAULT CHARSET=utf8 COLLATE=utf8_persian_ci;

--
-- Dumping data for table `ligs_games`
--

INSERT INTO `ligs_games` (`id`, `lig_id`, `status_id`, `player_1`, `player_2`, `winner_id`, `loser_id`, `started_at`, `finished_at`) VALUES
(43, 1, 1, NULL, NULL, NULL, NULL, NULL, NULL),
(44, 1, 1, NULL, NULL, NULL, NULL, NULL, NULL),
(45, 1, 1, NULL, NULL, NULL, NULL, NULL, NULL);

-- --------------------------------------------------------

--
-- Table structure for table `ligs_games_boards`
--

CREATE TABLE `ligs_games_boards` (
  `id` int(11) NOT NULL,
  `game_id` int(11) NOT NULL,
  `winner_id` int(11) DEFAULT NULL,
  `status_id` int(11) NOT NULL,
  `started_at` datetime NOT NULL,
  `finished_at` datetime DEFAULT NULL
) ENGINE=InnoDB DEFAULT CHARSET=utf8 COLLATE=utf8_persian_ci;

-- --------------------------------------------------------

--
-- Table structure for table `ligs_games_boards_dices`
--

CREATE TABLE `ligs_games_boards_dices` (
  `id` int(11) NOT NULL,
  `board_id` int(11) NOT NULL,
  `player_id` int(11) NOT NULL,
  `roll_1` int(11) NOT NULL,
  `roll_2` int(11) NOT NULL,
  `datetime` datetime NOT NULL
) ENGINE=InnoDB DEFAULT CHARSET=utf8 COLLATE=utf8_persian_ci;

-- --------------------------------------------------------

--
-- Table structure for table `ligs_games_boards_plays`
--

CREATE TABLE `ligs_games_boards_plays` (
  `id` int(11) NOT NULL,
  `dice_id` int(11) NOT NULL,
  `from` int(11) NOT NULL,
  `to` int(11) NOT NULL,
  `distance` int(11) NOT NULL,
  `datetime` datetime NOT NULL
) ENGINE=InnoDB DEFAULT CHARSET=utf8 COLLATE=utf8_persian_ci;

-- --------------------------------------------------------

--
-- Table structure for table `ligs_games_borads_status`
--

CREATE TABLE `ligs_games_borads_status` (
  `id` int(11) NOT NULL,
  `title` varchar(255) COLLATE utf8_persian_ci NOT NULL
) ENGINE=InnoDB DEFAULT CHARSET=utf8 COLLATE=utf8_persian_ci;

--
-- Dumping data for table `ligs_games_borads_status`
--

INSERT INTO `ligs_games_borads_status` (`id`, `title`) VALUES
(1, 'در حال بازی'),
(2, 'پایان بازی');

-- --------------------------------------------------------

--
-- Table structure for table `ligs_games_status`
--

CREATE TABLE `ligs_games_status` (
  `id` int(11) NOT NULL,
  `title` varchar(255) COLLATE utf8_persian_ci NOT NULL
) ENGINE=InnoDB DEFAULT CHARSET=utf8 COLLATE=utf8_persian_ci;

--
-- Dumping data for table `ligs_games_status`
--

INSERT INTO `ligs_games_status` (`id`, `title`) VALUES
(1, 'در انتظار حریف'),
(2, 'در انتظار شروع بازی'),
(3, 'در حال بازی'),
(4, 'پایان بازی');

-- --------------------------------------------------------

--
-- Table structure for table `ligs_players`
--

CREATE TABLE `ligs_players` (
  `id` int(11) NOT NULL,
  `lig_id` int(11) NOT NULL,
  `player_id` int(11) NOT NULL,
  `datetime` datetime NOT NULL
) ENGINE=InnoDB DEFAULT CHARSET=utf8 COLLATE=utf8_persian_ci;

-- --------------------------------------------------------

--
-- Table structure for table `ligs_status`
--

CREATE TABLE `ligs_status` (
  `id` int(11) NOT NULL,
  `title` varchar(255) COLLATE utf8_persian_ci NOT NULL
) ENGINE=InnoDB DEFAULT CHARSET=utf8 COLLATE=utf8_persian_ci;

--
-- Dumping data for table `ligs_status`
--

INSERT INTO `ligs_status` (`id`, `title`) VALUES
(1, 'در انتظار بازیکن'),
(2, 'در انتظار شروع بازی'),
(3, 'در حال بازی'),
(4, 'پایان بازی');

-- --------------------------------------------------------

--
-- Table structure for table `ligs_types`
--

CREATE TABLE `ligs_types` (
  `id` int(11) NOT NULL,
  `title` varchar(255) COLLATE utf8_persian_ci NOT NULL
) ENGINE=InnoDB DEFAULT CHARSET=utf8 COLLATE=utf8_persian_ci;

--
-- Dumping data for table `ligs_types`
--

INSERT INTO `ligs_types` (`id`, `title`) VALUES
(1, 'تک دست'),
(2, '3 دست'),
(3, '7 دست');

-- --------------------------------------------------------

--
-- Table structure for table `networking`
--

CREATE TABLE `networking` (
  `id` int(11) NOT NULL,
  `id_user` int(11) NOT NULL,
  `id_netuser` int(11) NOT NULL
) ENGINE=InnoDB DEFAULT CHARSET=utf8;

--
-- Dumping data for table `networking`
--

INSERT INTO `networking` (`id`, `id_user`, `id_netuser`) VALUES
(1, 1, 20);

-- --------------------------------------------------------

--
-- Table structure for table `provinces`
--

CREATE TABLE `provinces` (
  `id` int(11) NOT NULL,
  `title` varchar(255) COLLATE utf8_persian_ci NOT NULL
) ENGINE=InnoDB DEFAULT CHARSET=utf8 COLLATE=utf8_persian_ci;

--
-- Dumping data for table `provinces`
--

INSERT INTO `provinces` (`id`, `title`) VALUES
(1, 'آذربایجان شرقی'),
(2, 'آذربایجان غربی'),
(3, 'اردبیل'),
(4, 'اصفهان'),
(5, 'البرز'),
(6, 'ایلام'),
(7, 'بوشهر'),
(8, 'تهران'),
(9, 'چهار محال و بختیاری'),
(10, 'خراسان جنوبی'),
(11, 'خراسان رضوی'),
(12, 'خراسان شمالی'),
(13, 'خوزستان'),
(14, 'زنجان'),
(15, 'سمنان'),
(16, 'سیستان و بلوچستان'),
(17, 'فارس'),
(18, 'قزوین'),
(19, 'قم'),
(20, 'کردستان'),
(21, 'کرمان'),
(22, 'کرمانشاه'),
(23, 'کهکیلویه و بویراحمد'),
(24, 'گلستان'),
(25, 'گیلان'),
(26, 'لرستان'),
(27, 'مازندران'),
(28, 'مرکزی'),
(29, 'هرمزگان'),
(30, 'همدان'),
(31, 'یزد');

-- --------------------------------------------------------

--
-- Table structure for table `settings`
--

CREATE TABLE `settings` (
  `id` int(11) NOT NULL,
  `email_server` varchar(255) COLLATE utf8_persian_ci NOT NULL,
  `email_port` varchar(255) COLLATE utf8_persian_ci NOT NULL,
  `email_username` varchar(255) COLLATE utf8_persian_ci NOT NULL,
  `email_password` varchar(255) COLLATE utf8_persian_ci NOT NULL,
  `send_email_after_register` smallint(1) NOT NULL,
  `email_text_after_register` text COLLATE utf8_persian_ci NOT NULL,
  `site_title` varchar(255) COLLATE utf8_persian_ci NOT NULL,
  `site_copy_right` text COLLATE utf8_persian_ci NOT NULL,
  `site_logo` varchar(255) COLLATE utf8_persian_ci NOT NULL,
  `site_favicon` varchar(255) COLLATE utf8_persian_ci NOT NULL,
  `active_mellat_bank` smallint(1) NOT NULL,
  `active_zarinpall` smallint(1) NOT NULL,
  `default_gateway` smallint(1) NOT NULL,
  `mellat_code` varchar(255) COLLATE utf8_persian_ci NOT NULL,
  `mellat_username` varchar(255) COLLATE utf8_persian_ci NOT NULL,
  `mellat_password` varchar(255) COLLATE utf8_persian_ci NOT NULL,
  `zarinpal_merchant_id` varchar(255) COLLATE utf8_persian_ci NOT NULL,
  `game_percent` int(11) NOT NULL,
  `game_timeout` int(11) NOT NULL,
  `game_disconnect` int(11) NOT NULL
) ENGINE=InnoDB DEFAULT CHARSET=utf8 COLLATE=utf8_persian_ci;

--
-- Dumping data for table `settings`
--

INSERT INTO `settings` (`id`, `email_server`, `email_port`, `email_username`, `email_password`, `send_email_after_register`, `email_text_after_register`, `site_title`, `site_copy_right`, `site_logo`, `site_favicon`, `active_mellat_bank`, `active_zarinpall`, `default_gateway`, `mellat_code`, `mellat_username`, `mellat_password`, `zarinpal_merchant_id`, `game_percent`, `game_timeout`, `game_disconnect`) VALUES
(1, 'smtp.gmail.com', '587', '-', '-', 0, '<p>کاربر محترم</p>\r\n\r\n<p>از این که در سایت ما عضو شدید کمال تشکر را از شما داریم</p>\r\n\r\n<p>به استحضار میرسانیم که برای ثبت آگهی ابتدا باید نوع کاربری شما توسط ما ثبت شود</p>\r\n\r\n<p>بعد از ثبت نوع کاربری شما ، ایمیلی حاوی اطلاعات نوع کاربری برای شما ارسال خواهد</p>\r\n\r\n<p>از اینکه ما را به عنوان سایت برتر انتخاب نموده اید از شما متشکریم</p>\r\n\r\n<p><a href=\"http://mehreganhosting.ir/backgammon/\" target=\"_blank\">مشاهده سایت</a></p>\r\n', 'تخته نرد', '© کپی رایت - شرکت مهرگان', 'logonim.png', 'default.jpg', 0, 0, 1, '0', '0', '0', '-', 10, 20000, 60000);

-- --------------------------------------------------------

--
-- Table structure for table `social`
--

CREATE TABLE `social` (
  `id` int(11) NOT NULL,
  `telegram` varchar(255) NOT NULL,
  `instagram` varchar(255) NOT NULL,
  `twitter` varchar(255) NOT NULL
) ENGINE=InnoDB DEFAULT CHARSET=utf8;

-- --------------------------------------------------------

--
-- Table structure for table `tmpaddmoney`
--

CREATE TABLE `tmpaddmoney` (
  `id` int(11) NOT NULL,
  `id_user` int(11) NOT NULL,
  `amount` varchar(255) NOT NULL,
  `transaction` varchar(255) NOT NULL,
  `year` varchar(255) NOT NULL,
  `month` varchar(255) NOT NULL,
  `day` varchar(255) NOT NULL,
  `week` varchar(255) NOT NULL,
  `time` varchar(255) DEFAULT NULL,
  `status` int(11) NOT NULL DEFAULT '0'
) ENGINE=InnoDB DEFAULT CHARSET=utf8;

--
-- Dumping data for table `tmpaddmoney`
--

INSERT INTO `tmpaddmoney` (`id`, `id_user`, `amount`, `transaction`, `year`, `month`, `day`, `week`, `time`, `status`) VALUES
(1, 1, '300', '5ABCAD1A9ED721', '2018', '3', '29', '4', '1522314637', 0),
(2, 1, '300', '5ABCAD9BAD2DE1', '2018', '3', '29', '4', '1522314652', 0),
(3, 1, '10000', '5ABCADA7713421', '2018', '3', '29', '4', '1522314664', 0);

-- --------------------------------------------------------

--
-- Table structure for table `tmpadmin`
--

CREATE TABLE `tmpadmin` (
  `id` int(11) NOT NULL,
  `username` varchar(255) NOT NULL,
  `password` varchar(255) NOT NULL
) ENGINE=InnoDB DEFAULT CHARSET=utf8;

-- --------------------------------------------------------

--
-- Table structure for table `tmpcontact`
--

CREATE TABLE `tmpcontact` (
  `id` int(11) NOT NULL,
  `name` varchar(255) NOT NULL,
  `caption` varchar(255) NOT NULL,
  `email` varchar(255) DEFAULT NULL,
  `text` text,
  `answer` text
) ENGINE=InnoDB DEFAULT CHARSET=utf8;

-- --------------------------------------------------------

--
-- Table structure for table `tmpgetmoney`
--

CREATE TABLE `tmpgetmoney` (
  `id` int(11) NOT NULL,
  `id_user` int(11) NOT NULL,
  `date` varchar(255) NOT NULL,
  `mount` varchar(255) NOT NULL,
  `status` int(11) NOT NULL DEFAULT '0',
  `account` varchar(255) NOT NULL,
  `realname` varchar(255) NOT NULL,
  `shaba` varchar(255) DEFAULT NULL,
  `day` varchar(255) DEFAULT NULL,
  `month` varchar(255) DEFAULT NULL,
  `year` varchar(255) DEFAULT NULL
) ENGINE=InnoDB DEFAULT CHARSET=utf8;

-- --------------------------------------------------------

--
-- Table structure for table `tmpuser`
--

CREATE TABLE `tmpuser` (
  `id` int(11) NOT NULL,
  `username` varchar(255) NOT NULL,
  `password` varchar(255) NOT NULL,
  `email` varchar(255) DEFAULT NULL,
  `fullname` varchar(255) DEFAULT NULL,
  `active` int(11) NOT NULL DEFAULT '0',
  `pic` varchar(255) DEFAULT NULL,
  `phone` varchar(255) DEFAULT NULL,
  `networked` int(11) NOT NULL DEFAULT '0',
  `precentage` varchar(255) DEFAULT '30',
  `acount` varchar(255) NOT NULL DEFAULT '0',
  `acountrealname` varchar(255) DEFAULT NULL,
  `netnum` int(11) NOT NULL DEFAULT '5',
  `prake` varchar(255) NOT NULL DEFAULT '0',
  `rake` int(11) NOT NULL DEFAULT '0',
  `shaba` varchar(255) DEFAULT NULL,
  `status` int(11) NOT NULL DEFAULT '1',
  `recovery` varchar(255) DEFAULT NULL,
  `time` varchar(255) DEFAULT NULL,
  `allow` int(11) NOT NULL DEFAULT '0',
  `day` varchar(255) DEFAULT NULL,
  `month` varchar(255) DEFAULT NULL,
  `year` varchar(255) DEFAULT NULL,
  `ip` varchar(255) DEFAULT NULL
) ENGINE=InnoDB DEFAULT CHARSET=utf8;

--
-- Dumping data for table `tmpuser`
--

INSERT INTO `tmpuser` (`id`, `username`, `password`, `email`, `fullname`, `active`, `pic`, `phone`, `networked`, `precentage`, `acount`, `acountrealname`, `netnum`, `prake`, `rake`, `shaba`, `status`, `recovery`, `time`, `allow`, `day`, `month`, `year`, `ip`) VALUES
(1, 'hamidreza', 'e10adc3949ba59abbe56e057f20f883e', 'h.mosaferkochlo@gmail.com', 'hamidreza', 1, NULL, NULL, 0, '30', '0', NULL, 3, '0', 0, NULL, 1, NULL, NULL, 0, '15', '12', '17', '::1'),
(2, 'ojfiejkjdd', 'e10adc3949ba59abbe56e057f20f883e', 'dwdq@djw.cidd', 'ijfeidd', 1, NULL, NULL, 0, '30', '0', NULL, 5, '0', 0, NULL, 1, NULL, NULL, 0, '19', '12', '17', '::1'),
(3, 'ojfiejkjddd', 'e10adc3949ba59abbe56e057f20f883e', 'dwdq@djw.scidd', 'ijfeidd', 1, NULL, NULL, 0, '30', '0', NULL, 5, '0', 0, NULL, 1, NULL, NULL, 0, '19', '12', '17', '::1'),
(4, 'hamidfefwf', 'e10adc3949ba59abbe56e057f20f883e', 'ffewij@ijfie.co', 'fejwfji', 1, NULL, NULL, 0, '30', '0', NULL, 5, '0', 0, NULL, 1, NULL, NULL, 0, '19', '12', '17', '::1'),
(5, 'hamidreddij', 'e10adc3949ba59abbe56e057f20f883e', 'ifej@iefj.di', 'fiejefw', 1, NULL, NULL, 0, '30', '0', NULL, 5, '0', 0, NULL, 1, NULL, NULL, 0, '19', '12', '17', '::1'),
(6, 'fefwwdw', 'e10adc3949ba59abbe56e057f20f883e', 'fije@ifej.cow', 'fwefew', 1, NULL, NULL, 0, '30', '0', NULL, 5, '0', 0, NULL, 1, NULL, NULL, 0, '19', '12', '17', '::1'),
(7, 'fefwwdwe', 'e10adc3949ba59abbe56e057f20f883e', 'fije@ifej.cowe', 'fwefew', 1, NULL, NULL, 0, '30', '0', NULL, 5, '0', 0, NULL, 1, NULL, NULL, 0, '19', '12', '17', '::1'),
(8, 'hamidreeee', 'e10adc3949ba59abbe56e057f20f883e', 'idjei@ijfiej.co', 'jifejiw', 1, NULL, NULL, 0, '30', '0', NULL, 5, '0', 0, NULL, 1, NULL, NULL, 0, '19', '12', '17', '::1'),
(9, 'ijfeiji', 'e10adc3949ba59abbe56e057f20f883e', 'jfie@jifej.c', 'fijeijfi', 1, NULL, NULL, 0, '30', '0', NULL, 5, '0', 0, NULL, 1, NULL, NULL, 0, '20', '12', '17', '::1'),
(10, 'fjejfef', 'e10adc3949ba59abbe56e057f20f883e', 'fijei@fijei.co', 'jfejifef', 1, NULL, NULL, 0, '30', '0', NULL, 5, '0', 0, NULL, 1, NULL, NULL, 0, '20', '12', '17', '::1'),
(11, 'jifjei', 'e10adc3949ba59abbe56e057f20f883e', 'fje@jifie.co', 'jfeijfi', 1, NULL, NULL, 0, '30', '0', NULL, 5, '0', 0, NULL, 1, NULL, NULL, 0, '21', '12', '17', '::1'),
(12, 'fiejijfie', 'e10adc3949ba59abbe56e057f20f883e', 'fjie@ijfe.co', 'ifjeijf', 1, NULL, NULL, 0, '30', '0', NULL, 5, '0', 0, NULL, 1, NULL, NULL, 0, '21', '12', '17', '::1'),
(13, 'ihhuuhuh', 'e10adc3949ba59abbe56e057f20f883e', 'fe@ifej.co', 'ihfueh', 1, NULL, NULL, 0, '30', '0', NULL, 5, '0', 0, NULL, 1, NULL, NULL, 0, '21', '12', '17', '::1'),
(14, 'jfijei', 'e10adc3949ba59abbe56e057f20f883e', 'fie@jfie.co', 'ijifjeij', 1, NULL, NULL, 0, '30', '0', NULL, 5, '0', 0, NULL, 1, NULL, NULL, 0, '21', '12', '17', '::1'),
(15, 'fiejiwf', '247f0c5804188fbcbed0e6a140aabd45', 'fjeojf@fjfe.cii', 'fiejifwif', 1, NULL, NULL, 0, '30', '0', NULL, 5, '0', 0, NULL, 1, NULL, NULL, 0, '22', '12', '17', '::1'),
(16, 'fjfeiifji', 'e10adc3949ba59abbe56e057f20f883e', 'jfei@ifei.co', 'fejfijfie', 1, NULL, NULL, 0, '30', '0', NULL, 5, '0', 0, NULL, 1, NULL, NULL, 0, '22', '12', '17', '::1'),
(17, 'ijfiejifw', 'e10adc3949ba59abbe56e057f20f883e', 'feifj@fjie.co', 'fijeijwfo', 1, NULL, NULL, 0, '30', '0', NULL, 5, '0', 0, NULL, 1, NULL, NULL, 0, '28', '12', '17', '::1'),
(18, 'zeynab', 'e10adc3949ba59abbe56e057f20f883e', 'fewfw@fieji.co', 'fwfeww', 1, NULL, NULL, 0, '30', '0', NULL, 5, '0', 0, NULL, 1, NULL, NULL, 0, '28', '12', '17', '::1'),
(19, 'tinatina', 'e10adc3949ba59abbe56e057f20f883e', 'fjei@fiej.co', 'fejififjei', 1, NULL, NULL, 0, '30', '0', NULL, 5, '0', 0, NULL, 1, NULL, NULL, 0, '28', '12', '17', '::1'),
(20, 'fatemenasr', 'e10adc3949ba59abbe56e057f20f883e', 'feijfi@fi.co', 'fijeijfeiw', 1, NULL, NULL, 0, '30', '0', NULL, 5, '0', 0, NULL, 1, NULL, NULL, 0, '28', '12', '17', '::1'),
(21, 'asghare', 'e10adc3949ba59abbe56e057f20f883e', 'ifjei2i@fief.c', 'asghari', 1, NULL, NULL, 0, '30', '0', NULL, 5, '0', 0, NULL, 1, NULL, NULL, 0, '28', '12', '17', '::1'),
(22, 'hamidhmz', '48c764abd9ed934dc78d8e615190d6cd', 'h.wwww@ff.co', 'hamidrezzzaaa', 1, NULL, NULL, 0, '30', '0', NULL, 5, '0', 0, NULL, 1, NULL, NULL, 0, '06', '04', '18', '::1');

-- --------------------------------------------------------

--
-- Table structure for table `topic`
--

CREATE TABLE `topic` (
  `id` int(11) NOT NULL,
  `caption` varchar(255) DEFAULT NULL,
  `text` text,
  `position` varchar(255) DEFAULT NULL,
  `page` varchar(255) DEFAULT NULL,
  `pic` varchar(255) DEFAULT NULL
) ENGINE=InnoDB DEFAULT CHARSET=utf8;

--
-- Dumping data for table `topic`
--

INSERT INTO `topic` (`id`, `caption`, `text`, `position`, `page`, `pic`) VALUES
(1, 'عکس پیشفرض', '<!--[if gte mso 9]><xml>\n <o:OfficeDocumentSettings>\n  <o:AllowPNG/>\n </o:OfficeDocumentSettings>\n</xml><![endif]--><!--[if gte mso 9]><xml>\n <w:WordDocument>\n  <w:View>Normal</w:View>\n  <w:Zoom>0</w:Zoom>\n  <w:TrackMoves/>\n  <w:TrackFormatting/>\n  <w:PunctuationKerning/>\n  <w:ValidateAgainstSchemas/>\n  <w:SaveIfXMLInvalid>false</w:SaveIfXMLInvalid>\n  <w:IgnoreMixedContent>false</w:IgnoreMixedContent>\n  <w:AlwaysShowPlaceholderText>false</w:AlwaysShowPlaceholderText>\n  <w:DoNotPromoteQF/>\n  <w:LidThemeOther>EN-US</w:LidThemeOther>\n  <w:LidThemeAsian>X-NONE</w:LidThemeAsian>\n  <w:LidThemeComplexScript>AR-SA</w:LidThemeComplexScript>\n  <w:Compatibility>\n   <w:BreakWrappedTables/>\n   <w:SnapToGridInCell/>\n   <w:WrapTextWithPunct/>\n   <w:UseAsianBreakRules/>\n   <w:DontGrowAutofit/>\n   <w:SplitPgBreakAndParaMark/>\n   <w:EnableOpenTypeKerning/>\n   <w:DontFlipMirrorIndents/>\n   <w:OverrideTableStyleHps/>\n  </w:Compatibility>\n  <m:mathPr>\n   <m:mathFont m:val=\"Cambria Math\"/>\n   <m:brkBin m:val=\"before\"/>\n   <m:brkBinSub m:val=\"&#45;-\"/>\n   <m:smallFrac m:val=\"off\"/>\n   <m:dispDef/>\n   <m:lMargin m:val=\"0\"/>\n   <m:rMargin m:val=\"0\"/>\n   <m:defJc m:val=\"centerGroup\"/>\n   <m:wrapIndent m:val=\"1440\"/>\n   <m:intLim m:val=\"subSup\"/>\n   <m:naryLim m:val=\"undOvr\"/>\n  </m:mathPr></w:WordDocument>\n</xml><![endif]--><!--[if gte mso 9]><xml>\n <w:LatentStyles DefLockedState=\"false\" DefUnhideWhenUsed=\"true\"\n  DefSemiHidden=\"true\" DefQFormat=\"false\" DefPriority=\"99\"\n  LatentStyleCount=\"267\">\n  <w:LsdException Locked=\"false\" Priority=\"0\" SemiHidden=\"false\"\n   UnhideWhenUsed=\"false\" QFormat=\"true\" Name=\"Normal\"/>\n  <w:LsdException Locked=\"false\" Priority=\"9\" SemiHidden=\"false\"\n   UnhideWhenUsed=\"false\" QFormat=\"true\" Name=\"heading 1\"/>\n  <w:LsdException Locked=\"false\" Priority=\"9\" QFormat=\"true\" Name=\"heading 2\"/>\n  <w:LsdException Locked=\"false\" Priority=\"9\" QFormat=\"true\" Name=\"heading 3\"/>\n  <w:LsdException Locked=\"false\" Priority=\"9\" QFormat=\"true\" Name=\"heading 4\"/>\n  <w:LsdException Locked=\"false\" Priority=\"9\" QFormat=\"true\" Name=\"heading 5\"/>\n  <w:LsdException Locked=\"false\" Priority=\"9\" QFormat=\"true\" Name=\"heading 6\"/>\n  <w:LsdException Locked=\"false\" Priority=\"9\" QFormat=\"true\" Name=\"heading 7\"/>\n  <w:LsdException Locked=\"false\" Priority=\"9\" QFormat=\"true\" Name=\"heading 8\"/>\n  <w:LsdException Locked=\"false\" Priority=\"9\" QFormat=\"true\" Name=\"heading 9\"/>\n  <w:LsdException Locked=\"false\" Priority=\"39\" Name=\"toc 1\"/>\n  <w:LsdException Locked=\"false\" Priority=\"39\" Name=\"toc 2\"/>\n  <w:LsdException Locked=\"false\" Priority=\"39\" Name=\"toc 3\"/>\n  <w:LsdException Locked=\"false\" Priority=\"39\" Name=\"toc 4\"/>\n  <w:LsdException Locked=\"false\" Priority=\"39\" Name=\"toc 5\"/>\n  <w:LsdException Locked=\"false\" Priority=\"39\" Name=\"toc 6\"/>\n  <w:LsdException Locked=\"false\" Priority=\"39\" Name=\"toc 7\"/>\n  <w:LsdException Locked=\"false\" Priority=\"39\" Name=\"toc 8\"/>\n  <w:LsdException Locked=\"false\" Priority=\"39\" Name=\"toc 9\"/>\n  <w:LsdException Locked=\"false\" Priority=\"35\" QFormat=\"true\" Name=\"caption\"/>\n  <w:LsdException Locked=\"false\" Priority=\"10\" SemiHidden=\"false\"\n   UnhideWhenUsed=\"false\" QFormat=\"true\" Name=\"Title\"/>\n  <w:LsdException Locked=\"false\" Priority=\"1\" Name=\"Default Paragraph Font\"/>\n  <w:LsdException Locked=\"false\" Priority=\"11\" SemiHidden=\"false\"\n   UnhideWhenUsed=\"false\" QFormat=\"true\" Name=\"Subtitle\"/>\n  <w:LsdException Locked=\"false\" Priority=\"22\" SemiHidden=\"false\"\n   UnhideWhenUsed=\"false\" QFormat=\"true\" Name=\"Strong\"/>\n  <w:LsdException Locked=\"false\" Priority=\"20\" SemiHidden=\"false\"\n   UnhideWhenUsed=\"false\" QFormat=\"true\" Name=\"Emphasis\"/>\n  <w:LsdException Locked=\"false\" Priority=\"59\" SemiHidden=\"false\"\n   UnhideWhenUsed=\"false\" Name=\"Table Grid\"/>\n  <w:LsdException Locked=\"false\" UnhideWhenUsed=\"false\" Name=\"Placeholder Text\"/>\n  <w:LsdException Locked=\"false\" Priority=\"1\" SemiHidden=\"false\"\n   UnhideWhenUsed=\"false\" QFormat=\"true\" Name=\"No Spacing\"/>\n  <w:LsdException Locked=\"false\" Priority=\"60\" SemiHidden=\"false\"\n   UnhideWhenUsed=\"false\" Name=\"Light Shading\"/>\n  <w:LsdException Locked=\"false\" Priority=\"61\" SemiHidden=\"false\"\n   UnhideWhenUsed=\"false\" Name=\"Light List\"/>\n  <w:LsdException Locked=\"false\" Priority=\"62\" SemiHidden=\"false\"\n   UnhideWhenUsed=\"false\" Name=\"Light Grid\"/>\n  <w:LsdException Locked=\"false\" Priority=\"63\" SemiHidden=\"false\"\n   UnhideWhenUsed=\"false\" Name=\"Medium Shading 1\"/>\n  <w:LsdException Locked=\"false\" Priority=\"64\" SemiHidden=\"false\"\n   UnhideWhenUsed=\"false\" Name=\"Medium Shading 2\"/>\n  <w:LsdException Locked=\"false\" Priority=\"65\" SemiHidden=\"false\"\n   UnhideWhenUsed=\"false\" Name=\"Medium List 1\"/>\n  <w:LsdException Locked=\"false\" Priority=\"66\" SemiHidden=\"false\"\n   UnhideWhenUsed=\"false\" Name=\"Medium List 2\"/>\n  <w:LsdException Locked=\"false\" Priority=\"67\" SemiHidden=\"false\"\n   UnhideWhenUsed=\"false\" Name=\"Medium Grid 1\"/>\n  <w:LsdException Locked=\"false\" Priority=\"68\" SemiHidden=\"false\"\n   UnhideWhenUsed=\"false\" Name=\"Medium Grid 2\"/>\n  <w:LsdException Locked=\"false\" Priority=\"69\" SemiHidden=\"false\"\n   UnhideWhenUsed=\"false\" Name=\"Medium Grid 3\"/>\n  <w:LsdException Locked=\"false\" Priority=\"70\" SemiHidden=\"false\"\n   UnhideWhenUsed=\"false\" Name=\"Dark List\"/>\n  <w:LsdException Locked=\"false\" Priority=\"71\" SemiHidden=\"false\"\n   UnhideWhenUsed=\"false\" Name=\"Colorful Shading\"/>\n  <w:LsdException Locked=\"false\" Priority=\"72\" SemiHidden=\"false\"\n   UnhideWhenUsed=\"false\" Name=\"Colorful List\"/>\n  <w:LsdException Locked=\"false\" Priority=\"73\" SemiHidden=\"false\"\n   UnhideWhenUsed=\"false\" Name=\"Colorful Grid\"/>\n  <w:LsdException Locked=\"false\" Priority=\"60\" SemiHidden=\"false\"\n   UnhideWhenUsed=\"false\" Name=\"Light Shading Accent 1\"/>\n  <w:LsdException Locked=\"false\" Priority=\"61\" SemiHidden=\"false\"\n   UnhideWhenUsed=\"false\" Name=\"Light List Accent 1\"/>\n  <w:LsdException Locked=\"false\" Priority=\"62\" SemiHidden=\"false\"\n   UnhideWhenUsed=\"false\" Name=\"Light Grid Accent 1\"/>\n  <w:LsdException Locked=\"false\" Priority=\"63\" SemiHidden=\"false\"\n   UnhideWhenUsed=\"false\" Name=\"Medium Shading 1 Accent 1\"/>\n  <w:LsdException Locked=\"false\" Priority=\"64\" SemiHidden=\"false\"\n   UnhideWhenUsed=\"false\" Name=\"Medium Shading 2 Accent 1\"/>\n  <w:LsdException Locked=\"false\" Priority=\"65\" SemiHidden=\"false\"\n   UnhideWhenUsed=\"false\" Name=\"Medium List 1 Accent 1\"/>\n  <w:LsdException Locked=\"false\" UnhideWhenUsed=\"false\" Name=\"Revision\"/>\n  <w:LsdException Locked=\"false\" Priority=\"34\" SemiHidden=\"false\"\n   UnhideWhenUsed=\"false\" QFormat=\"true\" Name=\"List Paragraph\"/>\n  <w:LsdException Locked=\"false\" Priority=\"29\" SemiHidden=\"false\"\n   UnhideWhenUsed=\"false\" QFormat=\"true\" Name=\"Quote\"/>\n  <w:LsdException Locked=\"false\" Priority=\"30\" SemiHidden=\"false\"\n   UnhideWhenUsed=\"false\" QFormat=\"true\" Name=\"Intense Quote\"/>\n  <w:LsdException Locked=\"false\" Priority=\"66\" SemiHidden=\"false\"\n   UnhideWhenUsed=\"false\" Name=\"Medium List 2 Accent 1\"/>\n  <w:LsdException Locked=\"false\" Priority=\"67\" SemiHidden=\"false\"\n   UnhideWhenUsed=\"false\" Name=\"Medium Grid 1 Accent 1\"/>\n  <w:LsdException Locked=\"false\" Priority=\"68\" SemiHidden=\"false\"\n   UnhideWhenUsed=\"false\" Name=\"Medium Grid 2 Accent 1\"/>\n  <w:LsdException Locked=\"false\" Priority=\"69\" SemiHidden=\"false\"\n   UnhideWhenUsed=\"false\" Name=\"Medium Grid 3 Accent 1\"/>\n  <w:LsdException Locked=\"false\" Priority=\"70\" SemiHidden=\"false\"\n   UnhideWhenUsed=\"false\" Name=\"Dark List Accent 1\"/>\n  <w:LsdException Locked=\"false\" Priority=\"71\" SemiHidden=\"false\"\n   UnhideWhenUsed=\"false\" Name=\"Colorful Shading Accent 1\"/>\n  <w:LsdException Locked=\"false\" Priority=\"72\" SemiHidden=\"false\"\n   UnhideWhenUsed=\"false\" Name=\"Colorful List Accent 1\"/>\n  <w:LsdException Locked=\"false\" Priority=\"73\" SemiHidden=\"false\"\n   UnhideWhenUsed=\"false\" Name=\"Colorful Grid Accent 1\"/>\n  <w:LsdException Locked=\"false\" Priority=\"60\" SemiHidden=\"false\"\n   UnhideWhenUsed=\"false\" Name=\"Light Shading Accent 2\"/>\n  <w:LsdException Locked=\"false\" Priority=\"61\" SemiHidden=\"false\"\n   UnhideWhenUsed=\"false\" Name=\"Light List Accent 2\"/>\n  <w:LsdException Locked=\"false\" Priority=\"62\" SemiHidden=\"false\"\n   UnhideWhenUsed=\"false\" Name=\"Light Grid Accent 2\"/>\n  <w:LsdException Locked=\"false\" Priority=\"63\" SemiHidden=\"false\"\n   UnhideWhenUsed=\"false\" Name=\"Medium Shading 1 Accent 2\"/>\n  <w:LsdException Locked=\"false\" Priority=\"64\" SemiHidden=\"false\"\n   UnhideWhenUsed=\"false\" Name=\"Medium Shading 2 Accent 2\"/>\n  <w:LsdException Locked=\"false\" Priority=\"65\" SemiHidden=\"false\"\n   UnhideWhenUsed=\"false\" Name=\"Medium List 1 Accent 2\"/>\n  <w:LsdException Locked=\"false\" Priority=\"66\" SemiHidden=\"false\"\n   UnhideWhenUsed=\"false\" Name=\"Medium List 2 Accent 2\"/>\n  <w:LsdException Locked=\"false\" Priority=\"67\" SemiHidden=\"false\"\n   UnhideWhenUsed=\"false\" Name=\"Medium Grid 1 Accent 2\"/>\n  <w:LsdException Locked=\"false\" Priority=\"68\" SemiHidden=\"false\"\n   UnhideWhenUsed=\"false\" Name=\"Medium Grid 2 Accent 2\"/>\n  <w:LsdException Locked=\"false\" Priority=\"69\" SemiHidden=\"false\"\n   UnhideWhenUsed=\"false\" Name=\"Medium Grid 3 Accent 2\"/>\n  <w:LsdException Locked=\"false\" Priority=\"70\" SemiHidden=\"false\"\n   UnhideWhenUsed=\"false\" Name=\"Dark List Accent 2\"/>\n  <w:LsdException Locked=\"false\" Priority=\"71\" SemiHidden=\"false\"\n   UnhideWhenUsed=\"false\" Name=\"Colorful Shading Accent 2\"/>\n  <w:LsdException Locked=\"false\" Priority=\"72\" SemiHidden=\"false\"\n   UnhideWhenUsed=\"false\" Name=\"Colorful List Accent 2\"/>\n  <w:LsdException Locked=\"false\" Priority=\"73\" SemiHidden=\"false\"\n   UnhideWhenUsed=\"false\" Name=\"Colorful Grid Accent 2\"/>\n  <w:LsdException Locked=\"false\" Priority=\"60\" SemiHidden=\"false\"\n   UnhideWhenUsed=\"false\" Name=\"Light Shading Accent 3\"/>\n  <w:LsdException Locked=\"false\" Priority=\"61\" SemiHidden=\"false\"\n   UnhideWhenUsed=\"false\" Name=\"Light List Accent 3\"/>\n  <w:LsdException Locked=\"false\" Priority=\"62\" SemiHidden=\"false\"\n   UnhideWhenUsed=\"false\" Name=\"Light Grid Accent 3\"/>\n  <w:LsdException Locked=\"false\" Priority=\"63\" SemiHidden=\"false\"\n   UnhideWhenUsed=\"false\" Name=\"Medium Shading 1 Accent 3\"/>\n  <w:LsdException Locked=\"false\" Priority=\"64\" SemiHidden=\"false\"\n   UnhideWhenUsed=\"false\" Name=\"Medium Shading 2 Accent 3\"/>\n  <w:LsdException Locked=\"false\" Priority=\"65\" SemiHidden=\"false\"\n   UnhideWhenUsed=\"false\" Name=\"Medium List 1 Accent 3\"/>\n  <w:LsdException Locked=\"false\" Priority=\"66\" SemiHidden=\"false\"\n   UnhideWhenUsed=\"false\" Name=\"Medium List 2 Accent 3\"/>\n  <w:LsdException Locked=\"false\" Priority=\"67\" SemiHidden=\"false\"\n   UnhideWhenUsed=\"false\" Name=\"Medium Grid 1 Accent 3\"/>\n  <w:LsdException Locked=\"false\" Priority=\"68\" SemiHidden=\"false\"\n   UnhideWhenUsed=\"false\" Name=\"Medium Grid 2 Accent 3\"/>\n  <w:LsdException Locked=\"false\" Priority=\"69\" SemiHidden=\"false\"\n   UnhideWhenUsed=\"false\" Name=\"Medium Grid 3 Accent 3\"/>\n  <w:LsdException Locked=\"false\" Priority=\"70\" SemiHidden=\"false\"\n   UnhideWhenUsed=\"false\" Name=\"Dark List Accent 3\"/>\n  <w:LsdException Locked=\"false\" Priority=\"71\" SemiHidden=\"false\"\n   UnhideWhenUsed=\"false\" Name=\"Colorful Shading Accent 3\"/>\n  <w:LsdException Locked=\"false\" Priority=\"72\" SemiHidden=\"false\"\n   UnhideWhenUsed=\"false\" Name=\"Colorful List Accent 3\"/>\n  <w:LsdException Locked=\"false\" Priority=\"73\" SemiHidden=\"false\"\n   UnhideWhenUsed=\"false\" Name=\"Colorful Grid Accent 3\"/>\n  <w:LsdException Locked=\"false\" Priority=\"60\" SemiHidden=\"false\"\n   UnhideWhenUsed=\"false\" Name=\"Light Shading Accent 4\"/>\n  <w:LsdException Locked=\"false\" Priority=\"61\" SemiHidden=\"false\"\n   UnhideWhenUsed=\"false\" Name=\"Light List Accent 4\"/>\n  <w:LsdException Locked=\"false\" Priority=\"62\" SemiHidden=\"false\"\n   UnhideWhenUsed=\"false\" Name=\"Light Grid Accent 4\"/>\n  <w:LsdException Locked=\"false\" Priority=\"63\" SemiHidden=\"false\"\n   UnhideWhenUsed=\"false\" Name=\"Medium Shading 1 Accent 4\"/>\n  <w:LsdException Locked=\"false\" Priority=\"64\" SemiHidden=\"false\"\n   UnhideWhenUsed=\"false\" Name=\"Medium Shading 2 Accent 4\"/>\n  <w:LsdException Locked=\"false\" Priority=\"65\" SemiHidden=\"false\"\n   UnhideWhenUsed=\"false\" Name=\"Medium List 1 Accent 4\"/>\n  <w:LsdException Locked=\"false\" Priority=\"66\" SemiHidden=\"false\"\n   UnhideWhenUsed=\"false\" Name=\"Medium List 2 Accent 4\"/>\n  <w:LsdException Locked=\"false\" Priority=\"67\" SemiHidden=\"false\"\n   UnhideWhenUsed=\"false\" Name=\"Medium Grid 1 Accent 4\"/>\n  <w:LsdException Locked=\"false\" Priority=\"68\" SemiHidden=\"false\"\n   UnhideWhenUsed=\"false\" Name=\"Medium Grid 2 Accent 4\"/>\n  <w:LsdException Locked=\"false\" Priority=\"69\" SemiHidden=\"false\"\n   UnhideWhenUsed=\"false\" Name=\"Medium Grid 3 Accent 4\"/>\n  <w:LsdException Locked=\"false\" Priority=\"70\" SemiHidden=\"false\"\n   UnhideWhenUsed=\"false\" Name=\"Dark List Accent 4\"/>\n  <w:LsdException Locked=\"false\" Priority=\"71\" SemiHidden=\"false\"\n   UnhideWhenUsed=\"false\" Name=\"Colorful Shading Accent 4\"/>\n  <w:LsdException Locked=\"false\" Priority=\"72\" SemiHidden=\"false\"\n   UnhideWhenUsed=\"false\" Name=\"Colorful List Accent 4\"/>\n  <w:LsdException Locked=\"false\" Priority=\"73\" SemiHidden=\"false\"\n   UnhideWhenUsed=\"false\" Name=\"Colorful Grid Accent 4\"/>\n  <w:LsdException Locked=\"false\" Priority=\"60\" SemiHidden=\"false\"\n   UnhideWhenUsed=\"false\" Name=\"Light Shading Accent 5\"/>\n  <w:LsdException Locked=\"false\" Priority=\"61\" SemiHidden=\"false\"\n   UnhideWhenUsed=\"false\" Name=\"Light List Accent 5\"/>\n  <w:LsdException Locked=\"false\" Priority=\"62\" SemiHidden=\"false\"\n   UnhideWhenUsed=\"false\" Name=\"Light Grid Accent 5\"/>\n  <w:LsdException Locked=\"false\" Priority=\"63\" SemiHidden=\"false\"\n   UnhideWhenUsed=\"false\" Name=\"Medium Shading 1 Accent 5\"/>\n  <w:LsdException Locked=\"false\" Priority=\"64\" SemiHidden=\"false\"\n   UnhideWhenUsed=\"false\" Name=\"Medium Shading 2 Accent 5\"/>\n  <w:LsdException Locked=\"false\" Priority=\"65\" SemiHidden=\"false\"\n   UnhideWhenUsed=\"false\" Name=\"Medium List 1 Accent 5\"/>\n  <w:LsdException Locked=\"false\" Priority=\"66\" SemiHidden=\"false\"\n   UnhideWhenUsed=\"false\" Name=\"Medium List 2 Accent 5\"/>\n  <w:LsdException Locked=\"false\" Priority=\"67\" SemiHidden=\"false\"\n   UnhideWhenUsed=\"false\" Name=\"Medium Grid 1 Accent 5\"/>\n  <w:LsdException Locked=\"false\" Priority=\"68\" SemiHidden=\"false\"\n   UnhideWhenUsed=\"false\" Name=\"Medium Grid 2 Accent 5\"/>\n  <w:LsdException Locked=\"false\" Priority=\"69\" SemiHidden=\"false\"\n   UnhideWhenUsed=\"false\" Name=\"Medium Grid 3 Accent 5\"/>\n  <w:LsdException Locked=\"false\" Priority=\"70\" SemiHidden=\"false\"\n   UnhideWhenUsed=\"false\" Name=\"Dark List Accent 5\"/>\n  <w:LsdException Locked=\"false\" Priority=\"71\" SemiHidden=\"false\"\n   UnhideWhenUsed=\"false\" Name=\"Colorful Shading Accent 5\"/>\n  <w:LsdException Locked=\"false\" Priority=\"72\" SemiHidden=\"false\"\n   UnhideWhenUsed=\"false\" Name=\"Colorful List Accent 5\"/>\n  <w:LsdException Locked=\"false\" Priority=\"73\" SemiHidden=\"false\"\n   UnhideWhenUsed=\"false\" Name=\"Colorful Grid Accent 5\"/>\n  <w:LsdException Locked=\"false\" Priority=\"60\" SemiHidden=\"false\"\n   UnhideWhenUsed=\"false\" Name=\"Light Shading Accent 6\"/>\n  <w:LsdException Locked=\"false\" Priority=\"61\" SemiHidden=\"false\"\n   UnhideWhenUsed=\"false\" Name=\"Light List Accent 6\"/>\n  <w:LsdException Locked=\"false\" Priority=\"62\" SemiHidden=\"false\"\n   UnhideWhenUsed=\"false\" Name=\"Light Grid Accent 6\"/>\n  <w:LsdException Locked=\"false\" Priority=\"63\" SemiHidden=\"false\"\n   UnhideWhenUsed=\"false\" Name=\"Medium Shading 1 Accent 6\"/>\n  <w:LsdException Locked=\"false\" Priority=\"64\" SemiHidden=\"false\"\n   UnhideWhenUsed=\"false\" Name=\"Medium Shading 2 Accent 6\"/>\n  <w:LsdException Locked=\"false\" Priority=\"65\" SemiHidden=\"false\"\n   UnhideWhenUsed=\"false\" Name=\"Medium List 1 Accent 6\"/>\n  <w:LsdException Locked=\"false\" Priority=\"66\" SemiHidden=\"false\"\n   UnhideWhenUsed=\"false\" Name=\"Medium List 2 Accent 6\"/>\n  <w:LsdException Locked=\"false\" Priority=\"67\" SemiHidden=\"false\"\n   UnhideWhenUsed=\"false\" Name=\"Medium Grid 1 Accent 6\"/>\n  <w:LsdException Locked=\"false\" Priority=\"68\" SemiHidden=\"false\"\n   UnhideWhenUsed=\"false\" Name=\"Medium Grid 2 Accent 6\"/>\n  <w:LsdException Locked=\"false\" Priority=\"69\" SemiHidden=\"false\"\n   UnhideWhenUsed=\"false\" Name=\"Medium Grid 3 Accent 6\"/>\n  <w:LsdException Locked=\"false\" Priority=\"70\" SemiHidden=\"false\"\n   UnhideWhenUsed=\"false\" Name=\"Dark List Accent 6\"/>\n  <w:LsdException Locked=\"false\" Priority=\"71\" SemiHidden=\"false\"\n   UnhideWhenUsed=\"false\" Name=\"Colorful Shading Accent 6\"/>\n  <w:LsdException Locked=\"false\" Priority=\"72\" SemiHidden=\"false\"\n   UnhideWhenUsed=\"false\" Name=\"Colorful List Accent 6\"/>\n  <w:LsdException Locked=\"false\" Priority=\"73\" SemiHidden=\"false\"\n   UnhideWhenUsed=\"false\" Name=\"Colorful Grid Accent 6\"/>\n  <w:LsdException Locked=\"false\" Priority=\"19\" SemiHidden=\"false\"\n   UnhideWhenUsed=\"false\" QFormat=\"true\" Name=\"Subtle Emphasis\"/>\n  <w:LsdException Locked=\"false\" Priority=\"21\" SemiHidden=\"false\"\n   UnhideWhenUsed=\"false\" QFormat=\"true\" Name=\"Intense Emphasis\"/>\n  <w:LsdException Locked=\"false\" Priority=\"31\" SemiHidden=\"false\"\n   UnhideWhenUsed=\"false\" QFormat=\"true\" Name=\"Subtle Reference\"/>\n  <w:LsdException Locked=\"false\" Priority=\"32\" SemiHidden=\"false\"\n   UnhideWhenUsed=\"false\" QFormat=\"true\" Name=\"Intense Reference\"/>\n  <w:LsdException Locked=\"false\" Priority=\"33\" SemiHidden=\"false\"\n   UnhideWhenUsed=\"false\" QFormat=\"true\" Name=\"Book Title\"/>\n  <w:LsdException Locked=\"false\" Priority=\"37\" Name=\"Bibliography\"/>\n  <w:LsdException Locked=\"false\" Priority=\"39\" QFormat=\"true\" Name=\"TOC Heading\"/>\n </w:LatentStyles>\n</xml><![endif]--><!--[if gte mso 10]>\n<style>\n /* Style Definitions */\n table.MsoNormalTable\n	{mso-style-name:\"Table Normal\";\n	mso-tstyle-rowband-size:0;\n	mso-tstyle-colband-size:0;\n	mso-style-noshow:yes;\n	mso-style-priority:99;\n	mso-style-parent:\"\";\n	mso-padding-alt:0in 5.4pt 0in 5.4pt;\n	mso-para-margin-top:0in;\n	mso-para-margin-right:0in;\n	mso-para-margin-bottom:10.0pt;\n	mso-para-margin-left:0in;\n	line-height:115%;\n	mso-pagination:widow-orphan;\n	font-size:11.0pt;\n	font-family:\"Calibri\",\"sans-serif\";\n	mso-ascii-font-family:Calibri;\n	mso-ascii-theme-font:minor-latin;\n	mso-hansi-font-family:Calibri;\n	mso-hansi-theme-font:minor-latin;\n	mso-bidi-font-family:Arial;\n	mso-bidi-theme-font:minor-bidi;}\n</style>\n<![endif]-->\n\n<p class=\"MsoNormal\" dir=\"RTL\" style=\"text-align:right;direction:rtl;unicode-bidi:\nembed\"><b><span style=\"font-size:9.0pt;line-height:115%;font-family:\n&quot;Tahoma&quot;,&quot;sans-serif&quot;;color:red\" lang=\"AR-SA\">ویرایش 1007 تاریخ : 17/03/2017</span></b></p>\n\n<p class=\"MsoNormal\" dir=\"RTL\" style=\"text-align:right;direction:rtl;unicode-bidi:\nembed\"><b><span style=\"font-size:9.0pt;line-height:115%;font-family:\n&quot;Tahoma&quot;,&quot;sans-serif&quot;;color:red\" lang=\"AR-SA\">توجه : کاربر گرامی لطفا با دقت قوانین را مطالعه\nنمایید . ثبت</span></b><span dir=\"LTR\"></span><span dir=\"LTR\"></span><b><span dir=\"LTR\" style=\"font-size:9.0pt;line-height:115%;font-family:&quot;Tahoma&quot;,&quot;sans-serif&quot;;\ncolor:red\" lang=\"AR-SA\"><span dir=\"LTR\"></span><span dir=\"LTR\"></span> </span></b><b><span style=\"font-size:9.0pt;line-height:115%;font-family:&quot;Tahoma&quot;,&quot;sans-serif&quot;;\ncolor:red\" lang=\"AR-SA\">نام شما به منزله قبول تمامی شرایط و قوانین می باشد</span></b><span dir=\"LTR\"></span><span dir=\"LTR\"></span><b><span dir=\"LTR\" style=\"font-size:9.0pt;\nline-height:115%;font-family:&quot;Tahoma&quot;,&quot;sans-serif&quot;;color:red\"><span dir=\"LTR\"></span><span dir=\"LTR\"></span> .</span></b></p>\n\n<p class=\"MsoNormal\" dir=\"RTL\" style=\"text-align:right;direction:rtl;unicode-bidi:\nembed\"><span style=\"font-size:9.0pt;line-height:115%;font-family:\n&quot;Tahoma&quot;,&quot;sans-serif&quot;\" lang=\"AR-SA\">تنها هدف </span><span style=\"font-size:9.0pt;\nline-height:115%;font-family:&quot;Tahoma&quot;,&quot;sans-serif&quot;;mso-bidi-language:FA\" lang=\"FA\">این\nسایت</span><span style=\"font-size:9.0pt;line-height:115%;font-family:\n&quot;Tahoma&quot;,&quot;sans-serif&quot;\" lang=\"AR-SA\"> جلب رضایت شماست. اساس عملکرد ما اینست که اهداف جمعی حاصل\nآید ، هیچ تجاوزی به حقوق اشخاص صورت نگیرد و همچنین اهمال در حق کسی نشود.<br>\nبر طبق توافقنامه های مقرر در این سایت، </span><span dir=\"LTR\" style=\"font-size:\n9.0pt;line-height:115%;font-family:&quot;Tahoma&quot;,&quot;sans-serif&quot;\">GGPOT</span><span dir=\"RTL\"></span><span dir=\"RTL\"></span><span style=\"font-size:9.0pt;\nline-height:115%;font-family:&quot;Tahoma&quot;,&quot;sans-serif&quot;\" lang=\"AR-SA\"><span dir=\"RTL\"></span><span dir=\"RTL\"></span> متعهد می شود که از اطلاعات خصوصی کاربران محافظت کند و این\nاطلاعات را مخفیانه نزد خود نگه دارد و برای سایر اشخاص فاش نکند</span><span dir=\"LTR\"></span><span dir=\"LTR\"></span><span dir=\"LTR\" style=\"font-size:\n9.0pt;line-height:115%;font-family:&quot;Tahoma&quot;,&quot;sans-serif&quot;\" lang=\"AR-SA\"><span dir=\"LTR\"></span><span dir=\"LTR\"></span> </span><span style=\"font-size:9.0pt;line-height:115%;\nfont-family:&quot;Tahoma&quot;,&quot;sans-serif&quot;;mso-bidi-language:FA\" lang=\"FA\">مگر در مواردی که خلاف\nفاحش صورت گیرد.<br>\nاین اطمینان را به شما میدهیم که مسئولیت حفظ اطلاعات اکانت کاربر و امنیت آن تا\nجایی که ممکن است برای </span><span dir=\"LTR\" style=\"font-size:9.0pt;line-height:\n115%;font-family:&quot;Tahoma&quot;,&quot;sans-serif&quot;;mso-bidi-language:FA\">GGPOT</span><span dir=\"RTL\"></span><span dir=\"RTL\"></span><span style=\"font-size:9.0pt;\nline-height:115%;font-family:&quot;Tahoma&quot;,&quot;sans-serif&quot;;mso-bidi-language:FA\" lang=\"FA\"><span dir=\"RTL\"></span><span dir=\"RTL\"></span> پیش بینی شده اما چنانچه از دست رفتن\nاطلاعات کاربری توسط خود شما شامل هک کردن ایمیل، کامپیوتر، موبایل و ... باشد، مسئولیتی\nاز جانب سایت پذیرفته نیست.<br>\n</span><span dir=\"LTR\" style=\"font-size:9.0pt;line-height:115%;font-family:&quot;Tahoma&quot;,&quot;sans-serif&quot;;\nmso-bidi-language:FA\">GGPOT</span><span dir=\"RTL\"></span><span dir=\"RTL\"></span><span style=\"font-size:9.0pt;line-height:115%;font-family:&quot;Tahoma&quot;,&quot;sans-serif&quot;;\nmso-bidi-language:FA\" lang=\"FA\"><span dir=\"RTL\"></span><span dir=\"RTL\"></span> هیچگونه دخل و\nتصرفی در خود بازی ندارد و متعهد میشود تا در این خصوص بهترین سازوکار را ارائه\nنماید.<br>\n</span><span style=\"font-size:9.0pt;line-height:115%;font-family:\n&quot;Tahoma&quot;,&quot;sans-serif&quot;\" lang=\"AR-SA\">مسئولیت استفاده از امکانات سایت بعهده خود کاربر میباشد و\nکاربر متعهد میشود که با علم کامل بر شرایط، ثبت نام خود را تکمیل کرده و از سایت\nاستفاده میکند.<br>\nشما میتوانید برای اطلاع از آخرین وضعیت سایت، اطلاع از جوایز و ... عضو کانال\nتلگرام ما شوید.<br>\nاگر چنانچه مخالفتی با توافقنامه فوق داشتید، از سایت ما استفاده نکنید</span><span dir=\"LTR\"></span><span dir=\"LTR\"></span><span dir=\"LTR\" style=\"font-size:9.0pt;\nline-height:115%;font-family:&quot;Tahoma&quot;,&quot;sans-serif&quot;\"><span dir=\"LTR\"></span><span dir=\"LTR\"></span>.</span><span dir=\"RTL\"></span><span dir=\"RTL\"></span><span style=\"font-size:9.0pt;line-height:115%;font-family:&quot;Tahoma&quot;,&quot;sans-serif&quot;\"><span dir=\"RTL\"></span><span dir=\"RTL\"></span> </span><span dir=\"LTR\" style=\"font-size:\n9.0pt;line-height:115%;font-family:&quot;Tahoma&quot;,&quot;sans-serif&quot;\">GGPOT</span><span dir=\"RTL\"></span><span dir=\"RTL\"></span><span style=\"font-size:9.0pt;line-height:\n115%;font-family:&quot;Tahoma&quot;,&quot;sans-serif&quot;\"><span dir=\"RTL\"></span><span dir=\"RTL\"></span>\n<span lang=\"AR-SA\">سرویس خود راتحت شرایط و مقررات این توافقنامه در اختیار شما می\nگذارد و ممکن است که هر چند وقت یکبار قوانین مذکور در این توافقنامه از جانب ما\nتغییر یابد. شما می توانید در هر زمان مروری بر جدیدترین مفاد این توافقنامه داشته\nباشید</span></span><span dir=\"LTR\"></span><span dir=\"LTR\"></span><span dir=\"LTR\" style=\"font-size:9.0pt;line-height:115%;font-family:&quot;Tahoma&quot;,&quot;sans-serif&quot;\"><span dir=\"LTR\"></span><span dir=\"LTR\"></span>.</span><span dir=\"RTL\"></span><span dir=\"RTL\"></span><span style=\"font-size:9.0pt;line-height:115%;font-family:&quot;Tahoma&quot;,&quot;sans-serif&quot;;\nmso-bidi-language:FA\"><span dir=\"RTL\"></span><span dir=\"RTL\"></span> <span lang=\"FA\"></span></span></p>\n\n', '1', '1', '3e37bcc7ff31d386e7bbf328e57bb80br.png'),
(2, 'هدف ما', '\n														\'از دیتابیس خوانده میشه در باره این ترنومنت از دیتابیس خوانده میشه در باره این ترنومنت از دیتابیس خوانده میشه در باره این ترنومنت از دیتابیس خوانده میشه در باره این ترنومنت از دیتابیس خوانده میشه در باره این ترنومنت از دیتابیس خوانده میشه در باره این ترنومنت\'s\'از دیتابیس خوانده میشه در باره این ترنومنت از دیتابیس خوانده میشه در باره این ترنومنت از دیتابیس خوانده میشه در باره این ترنومنت از دیتابیس خوانده میشه در باره این ترنومنت از دیتابیس خوانده میشه در باره این ترنومنت از دیتابیس خوانده میشه در باره این ترنومنت\'s\'از دیتابیس خوانده میشه در باره این ترنومنت از دیتابیس خوانده میشه در باره این ترنومنت از دیتابیس خوانده میشه در باره این ترنومنت از دیتابیس خوانده میشه در باره این ترنومنت از دیتابیس خوانده میشه در باره این ترنومنت از دیتابیس خوانده میشه در باره این ترنومنت\'s\'از دیتابیس خوانده میشه در باره این ترنومنت از دیتابیس خوانده میشه در باره این ترنومنت از دیتابیس خوانده میشه در باره این ترنومنت از دیتابیس خوانده میشه در باره این ترنومنت از دیتابیس خوانده میشه در باره این ترنومنت از دیتابیس خوانده میشه در باره این ترنومنت', '2', '1', '4f1c75477a3213f6ee4961c598836bd2y.jpg'),
(3, 'amozesh mavens', '\n															<br>g<br><b>حداقل میزان پول لازم برای ورود به هر دور بازی چیپ (Big Blind) نام\nدارد. اولین نفر بعد از کارت‌پخش‌کن در جهت عقربه‌های ساعت باید نصف میزان\nحداقل Small Blind (در ایران به آن نیم گیر می‌گویند) را قبل از دریافت هر\nکارتی بپردازد و نفر بعد از وی کل مبلغ راBig Blind (در ایران به آن گیر\nمی‌گویند). در واقع این دو نفر مجبور به پرداخت این مبالغ هستند. برای\nاختصار از این پس از Big Blind و Small Bling به عنوان SB و BB یاد می‌شود.</b><br><b>بعد از توزیع کارت توسط کارت‌پخش‌کن، شرط‌بندی از نفر بعد از BB شروع می‌شود.</b><br><b>هر بازیکن برای ورود به بازی باید حداقل میزان BB را بپردازد یا در غیر اینصورت از آن دور بازی خارج شود و به اصطلاح جا برود (Fold).</b><br><b>حالت دیگر این است که شخصی با توجه به پتانسیل بالای کارتهای موجود در دستش میزان شرط را افزایش دهد (توپ زدن) (Raise).</b><br><b>حداقل میزان Raise به اندازه یک BB است. از نظر حداکثر میزان Raise پوکر\nبه سه دسته تقسیم می‌شود. Limit و No-Limit و Pot Limit در نوع Limit\nحداکثر مبلغ افزایش همان یک BB است و اینکار تا حداکثر ۴ دور انجام پذیر\nاست. در نوع Pot Limit حداکثر به اندازه پولی که تا به آن لحظه در میان\nبازی پوت (Pot) جمع شده می‌توان Raise توپ زد. در نوع No Limit محدودیتی در\nمیزان افزایش شرط نیست.</b><br><b>بعد از Raise هر بازیکنی باید به میزان آخرین شرط بپردازد تا بتواند در\nآن دور بازی شرکت کند. برای مثال اگر در یک دور، SB برابر ۱۰ و BB برابر ۲۰\nاست، اگر کسی مبلغ را به ۶۰ افزایش دهد، نفرات بعدی باید حداقل همان ۶۰ را\nبرای حضور در بازی بپردازند.</b><br><b>مثال ۱ - تعداد افراد ۶ نفر</b><br><b>SB = ۱۰</b><br><b>BB = ۲۰</b><br><b>نفر اول بعد از BB جا می‌رود. (Fold)</b><br><b>نفر دوم ۲۰ دلار می‌پردازد. (Call)</b><br><b>نفر سوم ۲۰ دلار می‌پردازد. (Call)</b><br><b>نفر چهارم که همان نفر صاحب دیسک Dealer است جا می‌رود. (Fold)</b><br><b>نفر SB چون قبلاً ۱۰ تا پرداخته است، برای ادامه باید ۱۰ تای دیگر بپردازد.</b><br><b>نفر BB در اینجا دارای دو انتخاب است. وی می‌تواند یا Check کند به این\nمعنی که چون قبلاً ۲۰ تا پرداخته با اعلام موافقت خود با میزان شرط، آن دور\nشرط را می‌بندد و وارد دور بعد می‌شویم. حالت دیگر این است که وی Raise\nمی‌کند که در این حالت کلیه افراد باقی‌مانده، باید به نوبت به میزان ما به\nالتفاوت مبلغ جدید و ۲۰ تایی که قبلاً پرداخته‌اند بپردازند تا قادر به\nادامه بازی باشند. اگر کسی مایل به پرداخت مبلغ اضافه نیست Fold می‌کند و\nاز آن دور بازی خارج می‌شود ولی پولی که تا آن زمان در بازی گذاشته را از\nدست خواهد داد.</b><br><b>دور اول کارتهای اشتراکی: سه کارت با نام Flop</b><br><b>بعد از پایان دور اول شرط‌بندی، ۳ کارت رو می‌شود. این سه کارت متعلق به\nهمه بازیکنان است. به این معنی که هر یک از آنان با اضافه کردن این سه\nکارت به دو کارت موجود در دست خود یک دست ۵ تایی پوکر که در بالا لیست شده\nمی‌سازد. بعد از نمایش Flop یک دور تازه شرط‌بندی، انجام می‌شود. در این\nدور نفر اول برای اعلام شرط SB است که بر اساس گردش عقربه‌های ساعت نفرات\nبعدی باید بازی کنند. باز هم مانند قبل هر بازیکن می‌تواند Check کند،\nRaise کند یا در پاسخ به یک Raise جا رفته یا Fold کند.</b><br><b>بعد از بسته شدن دور جدید کارت بعدی اشتراکی رو می‌شود.</b><br><b>دور دوم کارتهای اشتراکی: یک کارت با نام Turn یا Fourth Street</b><br><b>بعد از پایان دور دوم شرط‌بندی، ۱ کارت رو می‌شود. این کارت نیز همچون\nسه کارت قبلی متعلق به همه بازیکنان است. به این معنی که هر یک از آنان با\nاضافه کردن این چهار کارت به دو کارت موجود در دست خود و با ترکیب بهترین\nدست ۵ تایی از ۶ کارت که در بالا لیست شده می‌سازد. بعد از نمایش Turn یک\nدور تازه شرط‌بندی، انجام می‌شود. در این دور نفر اول برای اعلام شرط SB\n(یا اولین نفر بعد از وی که در بازی حضور دارد) است که بر اساس گردش\nعقربه‌های ساعت نفرات بعدی باید بازی کنند.</b><br><b>باز هم مانند قبل هر بازیکن می‌تواند Check کند، Raise کند یا در پاسخ به یک Raise جا رفته یا Fold کند.</b><br><b>بعد از بسته شدن دور جدید کارت پایانی اشتراکی رو می‌شود.</b><br><b>دور سوم کارتهای اشتراکی: یک کارت با نام River یا Fifth Street</b><br><b>بعد از پایان دور سوم شرط‌بندی، ۱ کارت که کارت آخر است رو می‌شود. این\nکارت نیز همچون چهار کارت قبلی متعلق به همه بازیکنان است. به این معنی که\nهر یک از آنان با اضافه کردن این پنج کارت به دو کارت موجود در دست خود و\nبا ترکیب بهترین دست ۵ تایی از ۷ کارت که در بالا لیست شده می‌سازد. بعد از\nنمایش River یک دور تازه شرط‌بندی، انجام می‌شود. در این دور نفر اول برای\nاعلام شرط SB (یا اولین نفر بعد از وی که در بازی حضور دارد) است که بر\nاساس گردش عقربه‌های ساعت نفرات بعدی باید بازی کنند.</b><br><b>باز هم مانند قبل هر بازیکن می‌تواند Check کند، Raise کند یا در پاسخ به یک Raise جا رفته یا Fold کند.</b><br><b>در هر دور بازی اگر افزایش شرط توسط یک بازیکن منتهی به جارفتن یا Fold\nبقیه شود، نفر باقی‌مانده برنده کلیه پولهایی است که تا آن لحظه جمع\nشده‌است.</b><br><b>پس از رو شده کارت آخر یا River و پس از بسته شدن دور شرط، در صورتی که\nبیش از یک نفر در بازی حضور دارند، Show Down یا دیدن دستها اتفاق می‌افتد.\nبه این معنی که آخرین نفر که قبل از کارت آخر شرط را افزایش داده (و در\nصورت عدم افزایش، SB یا نفر اول بعد از وی که در بازی حضور دارد) کارتهایش\nرا رو می‌کند و به ترتیب بقیه نیز همین کار را می‌کنند و بهترین دست پولهای\nموجود را می‌برد.</b><br><b>اگر دو یا چند نفر دستهای مشابه داشته باشند، Split یا تقسیم پول انجام می‌شود.</b><br><b>بدیهی است میزان افزایش مبلغ توسط شما به قدرت دست شما در هر لحظه یا\nاستنباط شما از ضعف حریفتان با توجه به بازی وی تا آن لحظه بستگی دارد.</b><br><b>مثال 2 No-Limit Hold\'em - تعداد افراد ۶ نفر</b><br><b>SB : ده دلار</b><br><b>BB : بیست دلار</b><br><b>نفر اول بعد از BB (علی) با دست <span>۳♠ 2<span style=\"color:red;\">♦</span></span> جا می‌رود. (Fold) نفر دوم (بهزاد) با دست <span>Q<span style=\"color:red;\">♥</span> J<span style=\"color:red;\">♥</span> <span>بیست دلار می‌پردازد. (Call) نفر سوم (مجید) با دست <span>A♠ A<span style=\"color:red;\">♦</span></span> با شصت دلار افزایش شرط را به هشتاد دلار می‌رساند. (Raise) نفر چهارم (الهام) که همان نفر صاحب دیسک Dealer است با دست <span>5♠ 4<span style=\"color:red;\">♥</span> جا می‌رود (Fold). نفر SB (روشنک) چون قبلاً 10 دلار پرداخته است، برای ادامه باید 70 دلار دیگر بپردازد. وی با دست <span>K♠ Q♠</span> هفتاد دلار دیگر می‌پردازد. نفر BB (مسعود) با دست <span>J♠ 4<span style=\"color:red;\">♥</span></span> جا می‌رود. نفر اول بعد از BB که قبلاً جا رفته‌است. نفر دوم بعد از BB که قبلاً با دست <span>Q<span style=\"color:red;\">♥</span> J<span style=\"color:red;\">♥</span></span> بیست دلار پرداخته‌است شصت دلار دیگر می‌پردازد و دور شرط بندی بسته می‌شود. پول موجود در Pot: دویست و 60 دلار</span></span></span></b><br><b>Flop</b><br><b><span>A♣ 9♠ 7♠</span></b><br><b>نوبت بهزاد است. وی با ترکیب <span>A♣ 9♠ 7♠ Q<span style=\"color:red;\">♥</span> J<span style=\"color:red;\">♥</span></span> دست قدرتمندی نساخته‌است؛ بنابراین چک می‌کند. مجید با ترکیب <span>A♠ A <span style=\"color:red;\">♦</span> A♣ 9♠ 7♠</span> دستی بسیار قدرتمند تا این لحظه دارد. سه آس. وی 100 دلار شرط می‌بندد. روشنک با ترکیب <span>A♣ 9♠ 7♠ K♠ Q♠</span>\nدستی قدرتمندی ندارد ولی اگر یک پیک دیگر روی زمین ظاهر شود دستی بسیار\nقدرتمند خواهد ساخت. وی تصمیم می‌گیرد 100 دلار برای دیدن کارت بعدی\nبپردازد. مجدداً بازی به بهزاد می‌رسد. وی نه دست خوبی دارد و نه امیدی\nبرای بهبود دستش دارد. وی از خیر پولی که تاکنون سرمایه‌گذاری کرده می‌گذرد\nو جا می‌رود.</b><br><b>پول موجود در Pot: چهارصد و 60 دلار</b><br><b>Turn</b><br><b>amozesh mavens<span>10♠</span></b><br>														', '3', '1', 'a11a73cca121976c66377bedff5891d11.jpg'),
(4, 'balae vip', '\n														توضیح درباره سیاست های مالی سایت نحوه واریزها و....  .3', '4', '1', '481b948a5d545aa301b6a9fc7c66f770n.jpg'),
(5, 'balae gift', '\'از دیتابیس خوانده میشه در باره این ترنومنت از دیتابیس خوانده میشه در باره این ترنومنت از دیتابیس خوانده میشه در باره این ترنومنت از دیتابیس خوانده میشه در باره این ترنومنت از دیتابیس خوانده میشه در باره این ترنومنت از دیتابیس خوانده میشه در باره این ترنومنت\'s\'از دیتابیس خوانده میشه در باره این ترنومنت از دیتابیس خوانده میشه در باره این ترنومنت از دیتابیس خوانده میشه در باره این ترنومنت از دیتابیس خوانده میشه در باره این ترنومنت از دیتابیس خوانده میشه در باره این ترنومنت از دیتابیس خوانده میشه در باره این ترنومنت\'s\'از دیتابیس خوانده میشه در باره این ترنومنت از دیتابیس خوانده میشه در باره این ترنومنت', '5', '1', 'd3cb20879448912747855ec2fc2268aan.jpg'),
(6, 'بخش دیگر', '\n														توضیح درباره سیاست های مالی سایت نحوه واریزها و....  .1', '6', '1', NULL),
(7, 'axe balae safheye karbar', '\n														\n														\'از دیتابیس خوانده میشه در باره این ترنومنت از دیتابیس خوانده میشه در باره این ترنومنت از دیتابیس خوانده میشه در باره این ترنومنت از دیتابیس خوانده میشه در باره این ترنومنت از دیتابیس خوانده میشه در باره این ترنومنت از دیتابیس خوانده میشه در باره این ترنومنت\'dooo', '1', '3', 'be36d8245556cc97c4014903eeaf8eb5r.jpg'),
(8, 'مشاهده تعرفه های اسم سایت1', '\n														ما این افتخار را داریم تا یکی از بهترین و کارآمدترین سایت های بازی آنلاین هستیم و در عین ها یکی از ارزانترین تعرفه ها را دربین سایت های بازس آنلاین داریم .\n\nاز بین مدل های زیر یکی را اتخاب نماید و اکانت خود را ارتقا دهید .1', '1', '5', NULL),
(9, 'بخش آموزش بازی', '\n														<br>f<br><b>حداقل میزان پول لازم برای ورود به هر دور بازی چیپ (Big Blind) نام\nدارد. اولین نفر بعد از کارت‌پخش‌کن در جهت عقربه‌های ساعت باید نصف میزان\nحداقل Small Blind (در ایران به آن نیم گیر می‌گویند) را قبل از دریافت هر\nکارتی بپردازد و نفر بعد از وی کل مبلغ راBig Blind (در ایران به آن گیر\nمی‌گویند). در واقع این دو نفر مجبور به پرداخت این مبالغ هستند. برای\nاختصار از این پس از Big Blind و Small Bling به عنوان SB و BB یاد می‌شود.</b><br><b>بعد از توزیع کارت توسط کارت‌پخش‌کن، شرط‌بندی از نفر بعد از BB شروع می‌شود.</b><br><b>هر بازیکن برای ورود به بازی باید حداقل میزان BB را بپردازد یا در غیر اینصورت از آن دور بازی خارج شود و به اصطلاح جا برود (Fold).</b><br><b>حالت دیگر این است که شخصی با توجه به پتانسیل بالای کارتهای موجود در دستش میزان شرط را افزایش دهد (توپ زدن) (Raise).</b><br><b>حداقل میزان Raise به اندازه یک BB است. از نظر حداکثر میزان Raise پوکر\nبه سه دسته تقسیم می‌شود. Limit و No-Limit و Pot Limit در نوع Limit\nحداکثر مبلغ افزایش همان یک BB است و اینکار تا حداکثر ۴ دور انجام پذیر\nاست. در نوع Pot Limit حداکثر به اندازه پولی که تا به آن لحظه در میان\nبازی پوت (Pot) جمع شده می‌توان Raise توپ زد. در نوع No Limit محدودیتی در\nمیزان افزایش شرط نیست.</b><br><b>بعد از Raise هر بازیکنی باید به میزان آخرین شرط بپردازد تا بتواند در\nآن دور بازی شرکت کند. برای مثال اگر در یک دور، SB برابر ۱۰ و BB برابر ۲۰\nاست، اگر کسی مبلغ را به ۶۰ افزایش دهد، نفرات بعدی باید حداقل همان ۶۰ را\nبرای حضور در بازی بپردازند.</b><br><b>مثال ۱ - تعداد افراد ۶ نفر</b><br><b>SB = ۱۰</b><br><b>BB = ۲۰</b><br><b>نفر اول بعد از BB جا می‌رود. (Fold)</b><br><b>نفر دوم ۲۰ دلار می‌پردازد. (Call)</b><br><b>نفر سوم ۲۰ دلار می‌پردازد. (Call)</b><br><b>نفر چهارم که همان نفر صاحب دیسک Dealer است جا می‌رود. (Fold)</b><br><b>نفر SB چون قبلاً ۱۰ تا پرداخته است، برای ادامه باید ۱۰ تای دیگر بپردازد.</b><br><b>نفر BB در اینجا دارای دو انتخاب است. وی می‌تواند یا Check کند به این\nمعنی که چون قبلاً ۲۰ تا پرداخته با اعلام موافقت خود با میزان شرط، آن دور\nشرط را می‌بندد و وارد دور بعد می‌شویم. حالت دیگر این است که وی Raise\nمی‌کند که در این حالت کلیه افراد باقی‌مانده، باید به نوبت به میزان ما به\nالتفاوت مبلغ جدید و ۲۰ تایی که قبلاً پرداخته‌اند بپردازند تا قادر به\nادامه بازی باشند. اگر کسی مایل به پرداخت مبلغ اضافه نیست Fold می‌کند و\nاز آن دور بازی خارج می‌شود ولی پولی که تا آن زمان در بازی گذاشته را از\nدست خواهد داد.</b><br><b>دور اول کارتهای اشتراکی: سه کارت با نام Flop</b><br><b>بعد از پایان دور اول شرط‌بندی، ۳ کارت رو می‌شود. این سه کارت متعلق به\nهمه بازیکنان است. به این معنی که هر یک از آنان با اضافه کردن این سه\nکارت به دو کارت موجود در دست خود یک دست ۵ تایی پوکر که در بالا لیست شده\nمی‌سازد. بعد از نمایش Flop یک دور تازه شرط‌بندی، انجام می‌شود. در این\nدور نفر اول برای اعلام شرط SB است که بر اساس گردش عقربه‌های ساعت نفرات\nبعدی باید بازی کنند. باز هم مانند قبل هر بازیکن می‌تواند Check کند،\nRaise کند یا در پاسخ به یک Raise جا رفته یا Fold کند.</b><br><b>بعد از بسته شدن دور جدید کارت بعدی اشتراکی رو می‌شود.</b><br><b>دور دوم کارتهای اشتراکی: یک کارت با نام Turn یا Fourth Street</b><br><b>بعد از پایان دور دوم شرط‌بندی، ۱ کارت رو می‌شود. این کارت نیز همچون\nسه کارت قبلی متعلق به همه بازیکنان است. به این معنی که هر یک از آنان با\nاضافه کردن این چهار کارت به دو کارت موجود در دست خود و با ترکیب بهترین\nدست ۵ تایی از ۶ کارت که در بالا لیست شده می‌سازد. بعد از نمایش Turn یک\nدور تازه شرط‌بندی، انجام می‌شود. در این دور نفر اول برای اعلام شرط SB\n(یا اولین نفر بعد از وی که در بازی حضور دارد) است که بر اساس گردش\nعقربه‌های ساعت نفرات بعدی باید بازی کنند.</b><br><b>باز هم مانند قبل هر بازیکن می‌تواند Check کند، Raise کند یا در پاسخ به یک Raise جا رفته یا Fold کند.</b><br><b>بعد از بسته شدن دور جدید کارت پایانی اشتراکی رو می‌شود.</b><br><b>دور سوم کارتهای اشتراکی: یک کارت با نام River یا Fifth Street</b><br><b>بعد از پایان دور سوم شرط‌بندی، ۱ کارت که کارت آخر است رو می‌شود. این\nکارت نیز همچون چهار کارت قبلی متعلق به همه بازیکنان است. به این معنی که\nهر یک از آنان با اضافه کردن این پنج کارت به دو کارت موجود در دست خود و\nبا ترکیب بهترین دست ۵ تایی از ۷ کارت که در بالا لیست شده می‌سازد. بعد از\nنمایش River یک دور تازه شرط‌بندی، انجام می‌شود. در این دور نفر اول برای\nاعلام شرط SB (یا اولین نفر بعد از وی که در بازی حضور دارد) است که بر\nاساس گردش عقربه‌های ساعت نفرات بعدی باید بازی کنند.</b><br><b>باز هم مانند قبل هر بازیکن می‌تواند Check کند، Raise کند یا در پاسخ به یک Raise جا رفته یا Fold کند.</b><br><b>در هر دور بازی اگر افزایش شرط توسط یک بازیکن منتهی به جارفتن یا Fold\nبقیه شود، نفر باقی‌مانده برنده کلیه پولهایی است که تا آن لحظه جمع\nشده‌است.</b><br><b>پس از رو شده کارت آخر یا River و پس از بسته شدن دور شرط، در صورتی که\nبیش از یک نفر در بازی حضور دارند، Show Down یا دیدن دستها اتفاق می‌افتد.\nبه این معنی که آخرین نفر که قبل از کارت آخر شرط را افزایش داده (و در\nصورت عدم افزایش، SB یا نفر اول بعد از وی که در بازی حضور دارد) کارتهایش\nرا رو می‌کند و به ترتیب بقیه نیز همین کار را می‌کنند و بهترین دست پولهای\nموجود را می‌برد.</b><br><b>اگر دو یا چند نفر دستهای مشابه داشته باشند، Split یا تقسیم پول انجام می‌شود.</b><br><b>بدیهی است میزان افزایش مبلغ توسط شما به قدرت دست شما در هر لحظه یا\nاستنباط شما از ضعف حریفتان با توجه به بازی وی تا آن لحظه بستگی دارد.</b><br><b>مثال 2 No-Limit Hold\'em - تعداد افراد ۶ نفر</b><br><b>SB : ده دلار</b><br><b>BB : بیست دلار</b><br><b>نفر اول بعد از BB (علی) با دست <span>۳♠ 2<span style=\"color:red;\">♦</span></span> جا می‌رود. (Fold) نفر دوم (بهزاد) با دست <span>Q<span style=\"color:red;\">♥</span> J<span style=\"color:red;\">♥</span> <span>بیست دلار می‌پردازد. (Call) نفر سوم (مجید) با دست <span>A♠ A<span style=\"color:red;\">♦</span></span> با شصت دلار افزایش شرط را به هشتاد دلار می‌رساند. (Raise) نفر چهارم (الهام) که همان نفر صاحب دیسک Dealer است با دست <span>5♠ 4<span style=\"color:red;\">♥</span> جا می‌رود (Fold). نفر SB (روشنک) چون قبلاً 10 دلار پرداخته است، برای ادامه باید 70 دلار دیگر بپردازد. وی با دست <span>K♠ Q♠</span> هفتاد دلار دیگر می‌پردازد. نفر BB (مسعود) با دست <span>J♠ 4<span style=\"color:red;\">♥</span></span> جا می‌رود. نفر اول بعد از BB که قبلاً جا رفته‌است. نفر دوم بعد از BB که قبلاً با دست <span>Q<span style=\"color:red;\">♥</span> J<span style=\"color:red;\">♥</span></span> بیست دلار پرداخته‌است شصت دلار دیگر می‌پردازد و دور شرط بندی بسته می‌شود. پول موجود در Pot: دویست و 60 دلار</span></span></span></b><br><b>Flop</b><br><b><span>A♣ 9♠ 7♠</span></b><br><b>نوبت بهزاد است. وی با ترکیب <span>A♣ 9♠ 7♠ Q<span style=\"color:red;\">♥</span> J<span style=\"color:red;\">♥</span></span> دست قدرتمندی نساخته‌است؛ بنابراین چک می‌کند. مجید با ترکیب <span>A♠ A <span style=\"color:red;\">♦</span> A♣ 9♠ 7♠</span> دستی بسیار قدرتمند تا این لحظه دارد. سه آس. وی 100 دلار شرط می‌بندد. روشنک با ترکیب <span>A♣ 9♠ 7♠ K♠ Q♠</span>\nدستی قدرتمندی ندارد ولی اگر یک پیک دیگر روی زمین ظاهر شود دستی بسیار\nقدرتمند خواهد ساخت. وی تصمیم می‌گیرد 100 دلار برای دیدن کارت بعدی\nبپردازد. مجدداً بازی به بهزاد می‌رسد. وی نه دست خوبی دارد و نه امیدی\nبرای بهبود دستش دارد. وی از خیر پولی که تاکنون سرمایه‌گذاری کرده می‌گذرد\nو جا می‌رود.</b><br><b>پول موجود در Pot: چهارصد و 60 دلار</b><br><b>Turn</b><br><b><span>10♠</span></b><br>													', '1', '6', 'a369830021c660831f3b0c5acc5f4391e.png'),
(10, 'درباره ترنومنت ( نام ترنومنت ) بخوانید', '\n														\n														\n														\'از دیتابیس خوانده میشه در باره این ترنومنت از دیتابیس خوانده میشه در باره این ترنومنت از دیتابیس خوانده میشه در باره این ترنومنت از دیتابیس خوانده میشه در باره این ترنومنت از دیتابیس خوانده میشه در باره این ترنومنت از دیتابیس خوانده میشه در باره این ترنومنت\'', '1', '7', NULL),
(11, 'Slider1', '4 ta ax', '1', '1', '0c3d0cedd7b632afddaf2a355db8524bo.jpg'),
(12, 'Slider2', 'ef', '1', '1', '405f08035355b2fc3e12e490c18dd154p.png'),
(13, 'Slider3', 'fefefe', '1', '1', '86460e54f57b05c8871918dc2d8acc2fb.jpg'),
(14, 'Slider4', 'fijeifjei', '1', '1', 'ca5abf6b3fb8bae8cc63a9949f0c41ef4.jpg');

-- --------------------------------------------------------

--
-- Table structure for table `users`
--

CREATE TABLE `users` (
  `id` int(11) NOT NULL,
  `username` varchar(255) COLLATE utf8_persian_ci NOT NULL,
  `auth_key` varchar(32) COLLATE utf8_persian_ci NOT NULL,
  `password_hash` varchar(255) COLLATE utf8_persian_ci NOT NULL,
  `password_reset_token` varchar(255) COLLATE utf8_persian_ci DEFAULT NULL,
  `email` varchar(255) COLLATE utf8_persian_ci NOT NULL,
  `group_id` int(11) NOT NULL,
  `status_id` int(11) NOT NULL,
  `created_at` datetime NOT NULL,
  `updated_at` datetime NOT NULL,
  `fullname` varchar(255) COLLATE utf8_persian_ci NOT NULL,
  `avatar` varchar(255) COLLATE utf8_persian_ci NOT NULL,
  `credit` int(11) NOT NULL DEFAULT '0',
  `address` varchar(255) COLLATE utf8_persian_ci DEFAULT NULL,
  `phone` varchar(255) COLLATE utf8_persian_ci DEFAULT NULL,
  `mobile` varchar(255) COLLATE utf8_persian_ci DEFAULT NULL,
  `province_id` int(11) DEFAULT NULL,
  `city_id` int(11) DEFAULT NULL
) ENGINE=InnoDB DEFAULT CHARSET=utf8 COLLATE=utf8_persian_ci;

--
-- Dumping data for table `users`
--

INSERT INTO `users` (`id`, `username`, `auth_key`, `password_hash`, `password_reset_token`, `email`, `group_id`, `status_id`, `created_at`, `updated_at`, `fullname`, `avatar`, `credit`, `address`, `phone`, `mobile`, `province_id`, `city_id`) VALUES
(1, 'superadmin', 'qdOpoiNMCsmWkJKblSojmyJSArLltTpH', '$2y$13$p6Mt2W2Reokms4/pwPPsd.LzTkRywVFAJe.T0EcN3ZmjdXAeo2KHO', NULL, 'hnajafi1994@gmail.com', 1, 1, '2017-08-24 13:52:26', '2017-08-24 13:52:26', 'حسین نجفی', 'default.png', 0, 'بلوار طبرسی شمالی 24 رجب زاده 5 پلاک 4 طبقه 1+', '05132146190', '09357405114', 11, 426),
(2, 'ifjeijfwjo', 'h6NCkXgZcwSp3bY6h8GgrEpcKi9vKUOm', '$2y$13$9mgzq8Vr2bkF4NpdsQoQfOaT1j50QamRydnoOQb/Te55diIV6FQ2a', NULL, 'fjie@foke.co', 4, 1, '2017-12-13 20:14:23', '2017-12-13 20:14:23', 'safeofoeko', 'default.png', 0, NULL, NULL, NULL, NULL, NULL),
(3, 'hamidreza', 'SifcEwN5kt07hls4Gf_0VcOSbmzMFBDL', '$2y$13$5.J9MEUtETMXU58Bb2tyheK1mB.zJk1HqrY6.TlmFHLeyAIryD0By', NULL, 'h.mosaferkocholo@gmail.com', 4, 1, '2017-12-15 20:04:17', '2017-12-15 20:04:17', 'hamidreza', 'default.png', 91420, NULL, NULL, NULL, NULL, NULL),
(4, 'hamidrejifjwi', 'wZjq65SO-pZhE2Xf6VWGaMdweCsSRHRc', '$2y$13$nXLNtpowZ/B.1IZ5BabwN.k/7C33PUDrHHvR.ScEfUMq3tsZl5JvS', NULL, 'h.mosaferkocholo@gmaicscl.com', 4, 1, '2017-12-19 02:08:43', '2017-12-19 02:08:43', 'fijefiwjo', 'default.png', 0, NULL, NULL, NULL, NULL, NULL),
(5, 'hamidrejifjwivv', '1lcRJwRnhFqYb9UL-mF3NxWOrn8346Es', '$2y$13$vJQph2p3PplA05o4/hxdE.SaYDX2jYApgiDMbIo/Yl7Jc9kada302', NULL, 'h.mosaferkefocholo@gmaicscl.com', 4, 1, '2017-12-19 02:09:27', '2017-12-19 02:09:27', 'fijefiwjo', 'default.png', 0, NULL, NULL, NULL, NULL, NULL),
(6, 'hamidrezak', '37Ytji29NULYAO63ZU-Lzey2_ki5SRKU', '$2y$13$/cLvVa5tCK/d9xuir8Y2Uu15QfaSCfEXCAFzmxe02jcG0E17UyJ5.', NULL, 'feiwjfiom@lld.co', 4, 1, '2017-12-19 02:14:06', '2017-12-19 02:14:06', 'fijeifjwi', 'default.png', 0, NULL, NULL, NULL, NULL, NULL),
(7, 'fwfwfwef', 'C_exFz3_b_1THxFCf-9Bq6eUdgm9mU-C', '$2y$13$Hw2eZ/2yB2LVl3Aq9WByPu6RDWKc/VVv2B9zmQ8nTVXxHVS7NBluW', NULL, 'fjie@ifjiej.co', 4, 1, '2017-12-19 02:17:09', '2017-12-19 02:17:09', 'fewmfmw', 'default.png', 0, NULL, NULL, NULL, NULL, NULL),
(8, 'knnjjjnjn', 'ogsMw9JYQ5weGb7IvchjIMtGrNBOoH4U', '$2y$13$KsCUFP/8pOu.n6Ov.kcgiuT0eddgTKRUgsSvkjMbdo6YmUOh.Fpfi', NULL, 'njn@fiej.vo', 4, 1, '2017-12-19 02:20:31', '2017-12-19 02:20:31', 'fvvgtccfr', 'default.png', 0, NULL, NULL, NULL, NULL, NULL),
(9, 'feiwfwj', '_aX7vdVl_dTmUybfKWOQZ6G3G9RH5OWp', '$2y$13$anHKCNwk8R1xjyMvinRT7ut8hVIfIM6SlkElL9N3w4IvezQIRU/bC', NULL, 'ifji@fjiej.co', 4, 1, '2017-12-19 02:21:42', '2017-12-19 02:21:42', 'fiejfwi', 'default.png', 0, NULL, NULL, NULL, NULL, NULL),
(10, 'feiwfwjkk', 'LB8EDWGQ_T2d9IyJZqUn8p-EYpW9vyM9', '$2y$13$Pm1sf8ootmzZJpOxxYOADuAtNrOhcnP189wTDz2xCLcnf0Ks.JtWG', NULL, 'ifji@fjiej.cok', 4, 1, '2017-12-19 02:22:42', '2017-12-19 02:22:42', 'fiejfwikkk', 'default.png', 0, NULL, NULL, NULL, NULL, NULL),
(11, 'feiwfwjkkkk', 'tDcvf-dAU3zK_GqEGy9GJxPFMhrCdXNt', '$2y$13$XM4KInasEoY5q.GviKzyLekoULZfjlquALd4av1EGHPSafZoIBiOK', NULL, 'ifji@fjiej.cokk', 4, 1, '2017-12-19 02:23:31', '2017-12-19 02:23:31', 'fiejfwikkk', 'default.png', 0, NULL, NULL, NULL, NULL, NULL),
(12, 'feiwfwjkkkkff', 'KtieOi0_SRlpmOTjq-eDw8Ax2xIA3Iuf', '$2y$13$dLGOA2NCgGBGq6wx5sHHZOtxZbYrGVI/R.uh4jYbYZOc.PjyqnKVS', NULL, 'ifji@fjiej.cokkf', 4, 1, '2017-12-19 02:25:12', '2017-12-19 02:25:12', 'fiejfwikkk', 'default.png', 0, NULL, NULL, NULL, NULL, NULL),
(13, 'fwmfkwm', '9juWndC2XFe1rnY5v3eJSJLY6UFHiiKK', '$2y$13$37zT5a7NVmFY719cpuUH8O3vAHMS17TbkyNBLVxcXrkplcW2dgPba', NULL, 'fkmewk@mfc.c', 4, 1, '2017-12-19 02:26:16', '2017-12-19 02:26:16', 'mfkewm', 'default.png', 0, NULL, NULL, NULL, NULL, NULL),
(14, 'fwmfkwmf', 'tzyr9UkaDhr3sK5U90nY_dqxRxNPAUcq', '$2y$13$i2eMCuOERQ8Zpxx.dM1xfOGuGPg5IfXUPaZYW7r3fasKUq5i0Enw6', NULL, 'fkmewk@mfc.f', 4, 1, '2017-12-19 02:27:15', '2017-12-19 02:27:15', 'mfkewmf', 'default.png', 0, NULL, NULL, NULL, NULL, NULL),
(15, 'fwkmekfw', 'Ws_MaSpBiRFjIQczvehuEKVdKfGSyIJj', '$2y$13$YzUF35WgV4b4CXzqlH8mjuDKZam8OVcIGLs24nbz4UTJz.px0YO82', NULL, 'fmk@m.ve', 4, 1, '2017-12-19 02:28:21', '2017-12-19 02:28:21', 'kfmwkkk', 'default.png', 0, NULL, NULL, NULL, NULL, NULL),
(16, 'hamidrerere', 'Mm_gx8NvY-lfzjsgS47pk3cBVgVzl9eB', '$2y$13$YgfzVx9vbGT6GnpG9pgms.55QOBfq9oB4CbY7uzWgS1iBYt0/tIU2', NULL, 'fiej@jife.co', 4, 1, '2017-12-19 18:43:40', '2017-12-19 18:43:40', 'fiejifjeiwj', 'default.png', 0, NULL, NULL, NULL, NULL, NULL),
(17, 'hamidrerereded', 'EvrCO5ehb9b2Qvy0XU0eeH7six0Vjmr7', '$2y$13$48z1tJCy8lrk7YKhQy0X8OpmD8TxwloZBJG51DnE6jZTnuKLJJ9R.', NULL, 'fiej@jife.cod', 4, 1, '2017-12-19 18:45:29', '2017-12-19 18:45:29', 'fiejifjeiwj', 'default.png', 0, NULL, NULL, NULL, NULL, NULL),
(18, 'hamidrererededd', 'irpkUmME-GfvL_Z7AzvFkCt9YcrWikiu', '$2y$13$25XOAQiXWKghU6YQtHX25OMF3/oHj00V1E/vnp4hy2SKw29wsYtO.', NULL, 'fiej@jife.codd', 4, 1, '2017-12-19 18:47:20', '2017-12-19 18:47:20', 'fiejifjeiwj', 'default.png', 0, NULL, NULL, NULL, NULL, NULL),
(19, 'hamidrerereeddd', 'ZCTx42NzlRgpDKTOstF2SR5Yltak546w', '$2y$13$836i06YnjZz.yHhqkeICYu/2aFG4WlqbUZsKSMUhIBTt6tQOOWPT2', NULL, 'fiej@jife.coddd', 4, 1, '2017-12-19 18:56:25', '2017-12-19 18:56:25', 'fiejifjeiwjd', 'default.png', 0, NULL, NULL, NULL, NULL, NULL),
(20, 'jijdiwj', '46vP96KUtlU_-_fP4WYVE0WajpWHYfTr', '$2y$13$5g7Mfdc0aUZXYNbMeYJ60eqakC7obdR1ZycdcGFEX6GQO.7K89yRW', NULL, 'dwij@jdiwj.o', 4, 1, '2017-12-19 18:58:16', '2017-12-19 18:58:16', 'diwdjjw', 'default.png', 0, NULL, NULL, NULL, NULL, NULL),
(21, 'ojfiejf', 'gprsSjdI9a0g5Ixzd8_6jLUULMXHSAVW', '$2y$13$ozqTOfPccKUq4My0CYsUs.rSuIjozCAOApBHnJhENFNPpNAnSrr1a', NULL, 'dwdq@djijw.ci', 4, 1, '2017-12-19 19:02:20', '2017-12-19 19:02:20', 'ijfeidd', 'default.png', 0, NULL, NULL, NULL, NULL, NULL),
(22, 'ojfiejfkij', 'RlYHQl3y_YzLO3KDOD1OJ9fP9ax6gHnH', '$2y$13$XJaopfVNIhS9XMCAQvi9SuQtqI.L.8YnwuNbSl.2Mmv7BQ6rLT6YW', NULL, 'dwdq@djijw.cio', 4, 1, '2017-12-19 19:05:41', '2017-12-19 19:05:41', 'ijfeidd', 'default.png', 0, NULL, NULL, NULL, NULL, NULL),
(23, 'ojfiejfkijd', 'niRsPDorE4yXmMjZl6cubJfS1dshWYZt', '$2y$13$HKSMnpC2zuaoTXZQniUv5OpQDgxFkspSXm/Fm30chYzaVMBpURTpm', NULL, 'dwdq@djijw.ciod', 4, 1, '2017-12-19 19:13:44', '2017-12-19 19:13:44', 'ijfeidd', 'default.png', 0, NULL, NULL, NULL, NULL, NULL),
(24, 'ojfiejfkijdd', 'vxVp5IN-DmStma6JlFRWLbLJBLfZnAID', '$2y$13$aOEWFJpMmUk9dRRsFzHDwuFBgMQ.zAjZvQyk4acNZn08GimEcQWL6', NULL, 'dwdq@djijw.ciodd', 4, 1, '2017-12-19 19:14:29', '2017-12-19 19:14:29', 'ijfeidd', 'default.png', 0, NULL, NULL, NULL, NULL, NULL),
(25, 'ojfiejfkjddd', 'Bf5VW0K_QjefiZTQYPiJgFM2cLWD87qx', '$2y$13$8UYfG7nLsl6DerqOudNw0.lmW3QzpUp1HsGihF52On7C.dihzHuk6', NULL, 'dwdq@djijw.cidd', 4, 1, '2017-12-19 19:18:39', '2017-12-19 19:18:39', 'ijfeidd', 'default.png', 0, NULL, NULL, NULL, NULL, NULL),
(26, 'ojfiejfkjdd', '9pM1MpKDyr7Ym3OtHlR6OHtHAHOW4OHK', '$2y$13$7eTnx3GCh2pEBIJPdwIpJe4S.VSV6eQY/cDgxM9fkBKkXFd1Kwyae', NULL, 'dwdq@djjw.cidd', 4, 1, '2017-12-19 19:19:25', '2017-12-19 19:19:25', 'ijfeidd', 'default.png', 0, NULL, NULL, NULL, NULL, NULL),
(27, 'ojfiejkjdd', 'Z7oRtVHyj7aTF4JlAil22sVPWAuYbgwO', '$2y$13$aOdmhyP3oFoMStpAq3Xl5.IOhb5EMZjf65kOnELDHJumSDZUG/rmu', NULL, 'dwdq@djw.cidd', 4, 1, '2017-12-19 19:22:23', '2017-12-19 19:22:23', 'ijfeidd', 'default.png', 0, NULL, NULL, NULL, NULL, NULL),
(28, 'ojfiejkjddd', 'qYVccChBYaIr4jM14vgratiYDgZNVqLR', '$2y$13$DOD0ErcSSMByOlgM57jMpO7ebxrFHzksv4b7j60QMND0b879nH1lW', NULL, 'dwdq@djw.scidd', 4, 1, '2017-12-19 19:25:48', '2017-12-19 19:25:48', 'ijfeidd', 'default.png', 0, NULL, NULL, NULL, NULL, NULL),
(29, 'hamidreddij', '1pLkkRPqaqxbj2SowQJTtPzG4R6fns0P', '$2y$13$79jB9MgVNgb6r5kdV36/.uF/NQujbH5zm/qW39YPkxxIXMos5BtFS', NULL, 'ifej@iefj.di', 4, 1, '2017-12-19 20:00:45', '2017-12-19 20:00:45', 'fiejefw', 'default.png', 0, NULL, NULL, NULL, NULL, NULL),
(30, 'fefwwdw', 'RN_ntqVlVaCruGhUB1qyiQjqtoQpZEkh', '$2y$13$aAenE6yvEQzldCINktj5iu.UE/SiTTJORbsqEdDJQRNEAlKKo0MRy', NULL, 'fije@ifej.cow', 4, 1, '2017-12-19 20:04:54', '2017-12-19 20:04:54', 'fwefew', 'default.png', 0, NULL, NULL, NULL, NULL, NULL),
(31, 'fefwwdwe', 'v-HqQ8w0Bn7wUkBmNpVjz1j6P1U7gVh4', '$2y$13$UIkBUfujaJAVzYfRI67UNuC7/iuUvp59QyJ.uH42KGtvggksXyKnS', NULL, 'fije@ifej.cowe', 4, 1, '2017-12-19 20:05:26', '2017-12-19 20:05:26', 'fwefew', 'default.png', 0, NULL, NULL, NULL, NULL, NULL),
(32, 'hamidreeee', 'ucyXmx-ucKyUKEVZtg9O5KLJ5fYETuK9', '$2y$13$kNpzwfRy4TR5qqpXze9g6uP3BMAXvhHqCqbsKyOt4f/jUl1rVQETe', NULL, 'idjei@ijfiej.co', 4, 1, '2017-12-19 20:10:14', '2017-12-19 20:10:14', 'jifejiw', 'default.png', 0, NULL, NULL, NULL, NULL, NULL),
(33, 'fiejifw', '8WKQVpfBnEimzOTvEsP533T_KqgMB043', '$2y$13$Ge4PZVmvzgyS9TFxohZWB.MmrD9Npvkz9FknEtD/OUpUBuaoxs1Wm', NULL, 'jfiej@jife.co', 4, 1, '2017-12-20 00:43:27', '2017-12-20 00:43:27', 'fejiwf', 'default.png', 0, NULL, NULL, NULL, NULL, NULL),
(34, 'fijeijfiewji', 'FHlYiEzQhm2I93vnwAk8LjtZXruUEUp8', '$2y$13$mUs7jLKtaDekQPu/aPPx6.GTwJ6ArY6Xb8noAKT9eVx.qspTxGd4C', NULL, 'feij@ifiej.co', 4, 1, '2017-12-20 11:57:57', '2017-12-20 11:57:57', 'fiejiwif', 'default.png', 0, NULL, NULL, NULL, NULL, NULL),
(35, 'jijfieifj', 'kgWcLGYG8T48UYvoiUqhOVtBPpHlvoqm', '$2y$13$AwfF8wXrZCEwa4NSjfXsKeild8wNI5NmRzQ00VQEBwe1TgwLbe98W', NULL, 'fiejf@jfie.co', 4, 1, '2017-12-20 12:03:56', '2017-12-20 12:03:56', 'fjiejfe', 'default.png', 0, NULL, NULL, NULL, NULL, NULL),
(36, 'jfiejifei', 'NPB7SyxJncNwVIEbfYBxCBdFUB1CDEWw', '$2y$13$cBDyET2gqJ22eVIZ0luEKOaZY5acnTsfsop4I9pmK8jXmkcDf.n6O', NULL, 'fijeif@jfiej.co', 4, 1, '2017-12-20 12:19:06', '2017-12-20 12:19:06', 'fiejfiweji', 'default.png', 0, NULL, NULL, NULL, NULL, NULL),
(37, 'ijfeiji', 'oP7F-oMAtrfDCFxvK3oKFmuQRItQeVDz', '$2y$13$xKbgUgoymujorv3oyhzkG.E/AOunB7M9IiEhzluXj4ps22blAPJ6i', NULL, 'jfie@jifej.c', 4, 1, '2017-12-20 12:19:47', '2017-12-20 12:19:47', 'fijeijfi', 'default.png', 0, NULL, NULL, NULL, NULL, NULL),
(38, 'fjejfef', 'Ba6OvquhAVVCK-HpKHqrVLCHaFkFsdHO', '$2y$13$h3VzClLeOBQRzMvsFgI9deRUW8BLUfyTSuNSSWlfW1k2zAi6SsFym', NULL, 'fijei@fijei.co', 4, 1, '2017-12-20 12:20:34', '2017-12-20 12:20:34', 'jfejifef', 'default.png', 0, NULL, NULL, NULL, NULL, NULL),
(39, 'jifjei', 'JjSxsErduFFd9rbyx2T6ykiJPTdOgv-v', '$2y$13$Ttjp.eAsDtSvx/H4b/slyeIbSDB2fh.iupMakcya9UI5avOLqg0ha', NULL, 'fje@jifie.co', 4, 1, '2017-12-21 13:48:06', '2017-12-21 13:48:06', 'jfeijfi', 'default.png', 0, NULL, NULL, NULL, NULL, NULL),
(40, 'fiejijfie', 'rtFAuD82E9rsW8jeM3F-7aWQ0g7uS8Oz', '$2y$13$q7d5V98Xn2lDrxFOx9VU/OXQJXv1edK/w8IaUML3Wy2aP30hbd7S2', NULL, 'fjie@ijfe.co', 4, 1, '2017-12-21 19:17:21', '2017-12-21 19:17:21', 'ifjeijf', 'default.png', 1000, NULL, NULL, NULL, NULL, NULL),
(41, 'hamidrezarjeire', 'nXv3odoggT0ml5GGUFtm6bPiT1OTKDEC', '$2y$13$arf3BpuWyP5c29DlJHKJYujkXYA8MqS3T3ouVVO5FZpM24K3pEOb6', NULL, 'jfie@jfie.co', 4, 1, '2017-12-21 20:21:31', '2017-12-21 20:21:31', 'jfirejrjrei', 'default.png', 0, NULL, NULL, NULL, NULL, NULL),
(42, 'hamidrezaf', 'GCo5fnjC46agUOXZb8BsQi-gTags1SJI', '$2y$13$ACC1GQrWkJVMRQbQJLMejuF4CcS2v2ohk1SVxmKQNtj44l7h01J.6', NULL, 'fjie@ifjie.co', 4, 1, '2017-12-21 20:22:19', '2017-12-21 20:22:19', 'fiejiwf', 'default.png', 0, NULL, NULL, NULL, NULL, NULL),
(43, 'ihhuuhuh', 'Ce-gTNJ1dnevvdkRQi05gqy5i6nM3KXz', '$2y$13$p3wZs7v2OpbFQNc5ba5Upe5CPmOGbjAz8p6RmrBUJw6tVISZB4Gui', NULL, 'fe@ifej.co', 4, 1, '2017-12-21 20:23:08', '2017-12-21 20:23:08', 'ihfueh', 'default.png', 1000000, NULL, NULL, NULL, NULL, NULL),
(44, 'hi@jife.co', 'NW7QKkVRYuzSyYIldHjx1Mv8ocPt53m4', '$2y$13$kUWIrqAMAa1ElddKdwwZ2ertHUshiRQpWTV3uehFngwaA/pHVAid2', NULL, 'jfijeifjei@kfoec.ed', 4, 1, '2017-12-21 20:57:18', '2017-12-21 20:57:18', 'ifjijefijf', 'default.png', 9000, NULL, NULL, NULL, NULL, NULL),
(45, 'jfijei', 'fFi1qyYgis0nKZ56MsEX6MAa1jNVYuMj', '$2y$13$KvHc345rbKwVM7jC5ZiXxe5DmYfXt3yLxP6zqsp1l/WOBGTW/KD2y', NULL, 'fie@jfie.co', 4, 1, '2017-12-21 23:51:23', '2017-12-21 23:51:23', 'ijifjeij', 'default.png', 10060, NULL, NULL, NULL, NULL, NULL),
(46, 'fiejiwf', '9P8yFPWFNrGZs4id67EHPEsbfYYj5qSv', '$2y$13$rEhtbDnvfy3m8WBmmUue2ewZAMwhS5.GPhNtCWJaIm2o/9kDr83UW', NULL, 'fjeojf@fjfe.cii', 4, 1, '2017-12-22 11:57:45', '2017-12-22 11:57:45', 'fiejifwif', 'default.png', 18000, NULL, NULL, NULL, NULL, NULL),
(47, 'fjfeiifji', 'VHuuSPwARpDPmjTDuMgrWsH7vycUkoo-', '$2y$13$OlXlwGTpOsMiH/l20/epxOhhCtuuaju8sh6MTZR5MeIg.1zWudwGu', NULL, 'jfei@ifei.co', 4, 1, '2017-12-22 13:28:53', '2017-12-22 13:28:53', 'fejfijfie', 'default.png', 8940, NULL, NULL, NULL, NULL, NULL),
(48, 'ijfiejifw', 'dpiIZnxCulUWgT22YRqKKo2A_Ekq4NqP', '$2y$13$uvJyIk4zAByuByf0T8DD/OKIP4wBtfIeTCitTqjRYBOgYTDzAxRbS', NULL, 'feifj@fjie.co', 4, 1, '2017-12-28 22:20:50', '2017-12-28 22:20:50', 'fijeijwfo', 'default.png', 0, NULL, NULL, NULL, NULL, NULL),
(49, 'بصثبصبثص', '2BV9uKmTsqVpBdDkK8qLvpomqUxKy3t7', '$2y$13$.Zaw6M8jq5QyCCQ8gTX5NO.GGJpqwYBdIIpQqkYqG9c5Y0Dw7Q4..', NULL, 'ifjie.ii@fji.co', 4, 1, '2017-12-28 22:29:09', '2017-12-28 22:29:09', 'fijeifij', 'default.png', 0, NULL, NULL, NULL, NULL, NULL),
(50, 'zeynab', '0Wp6ECS_LJ6x9eTq5pFw1O7XjjLnqCeb', '$2y$13$TLvzXXCeJALAXoATh5PNbedviFRg0G97HVHgWAOTOVZpGjH2z.oSa', NULL, 'fewfw@fieji.co', 4, 1, '2017-12-28 22:47:48', '2017-12-28 22:47:48', 'fwfeww', 'default.png', 0, NULL, NULL, NULL, NULL, NULL),
(51, 'tinatina', 'BDs8x1KpnyNQknt8v2GiMrUC6mpLvgiH', '$2y$13$0aUR9XF66Slcq9RbHO2Be.4xjfF2dcRLBmfJv.dLLRqteep9Z58Xy', NULL, 'fjei@fiej.co', 4, 1, '2017-12-28 22:49:01', '2017-12-28 22:49:01', 'fejififjei', 'default.png', 0, NULL, NULL, NULL, NULL, NULL),
(52, 'fatemenasr', '1g7PcWiyOzFoS44pTNB8GhHBt0Fivc2_', '$2y$13$wtjpflDuoUV4sdlvNxVWNOPsG5.37tGKXrux3tJ59flAFPIDV4./u', NULL, 'feijfi@fi.co', 4, 1, '2017-12-28 22:50:18', '2017-12-28 22:50:18', 'fijeijfeiw', 'default.png', 0, NULL, NULL, NULL, NULL, NULL),
(53, 'asghare', '7BzGiw2007wgMITO33KKJsAsxuSSY17_', '$2y$13$NbWDPqGChuGkuEBS9Sd9MOlWO1DSlL9kp8Z/PcTSxWT9GqnMtHofC', NULL, 'ifjei2i@fief.c', 4, 1, '2017-12-28 23:00:22', '2017-12-28 23:00:22', 'asghari', 'default.png', 1000000, NULL, NULL, NULL, NULL, NULL),
(54, 'hamidhmz', '6wWJZ1_gRR23Lu7VpOYP4q4pzAeNI0Z9', '$2y$13$GbykSNwoZukXJ1F7dfrOLeCXUSiofyG4rnyv8pg.aKc7YG.h.IMpW', NULL, 'h.wwww@ff.co', 4, 1, '2018-04-06 14:13:54', '2018-04-06 14:13:54', 'hamidrezzzaaa', 'default.png', 0, NULL, NULL, NULL, NULL, NULL);

-- --------------------------------------------------------

--
-- Table structure for table `users_followers`
--

CREATE TABLE `users_followers` (
  `id` int(11) NOT NULL,
  `follower_id` int(11) NOT NULL,
  `follow_up_id` int(11) NOT NULL,
  `datetime` datetime NOT NULL
) ENGINE=InnoDB DEFAULT CHARSET=utf8 COLLATE=utf8_persian_ci;

-- --------------------------------------------------------

--
-- Table structure for table `users_groups`
--

CREATE TABLE `users_groups` (
  `id` int(11) NOT NULL,
  `title` varchar(255) COLLATE utf8_persian_ci NOT NULL
) ENGINE=InnoDB DEFAULT CHARSET=utf8 COLLATE=utf8_persian_ci;

--
-- Dumping data for table `users_groups`
--

INSERT INTO `users_groups` (`id`, `title`) VALUES
(1, 'مدیر ارشد'),
(2, 'مدیر سایت'),
(3, 'مدیر'),
(4, 'کاربر');

-- --------------------------------------------------------

--
-- Table structure for table `users_status`
--

CREATE TABLE `users_status` (
  `id` int(11) NOT NULL,
  `title` varchar(255) COLLATE utf8_persian_ci NOT NULL
) ENGINE=InnoDB DEFAULT CHARSET=utf8 COLLATE=utf8_persian_ci;

--
-- Dumping data for table `users_status`
--

INSERT INTO `users_status` (`id`, `title`) VALUES
(1, 'فعال'),
(2, 'غیر فعال'),
(3, 'حذف');

--
-- Indexes for dumped tables
--

--
-- Indexes for table `chat`
--
ALTER TABLE `chat`
  ADD PRIMARY KEY (`id`);

--
-- Indexes for table `cities`
--
ALTER TABLE `cities`
  ADD PRIMARY KEY (`id`),
  ADD KEY `province_id` (`province_id`) USING BTREE;

--
-- Indexes for table `dayli`
--
ALTER TABLE `dayli`
  ADD PRIMARY KEY (`id`);

--
-- Indexes for table `games`
--
ALTER TABLE `games`
  ADD PRIMARY KEY (`id`),
  ADD KEY `player_1` (`player_1`) USING BTREE,
  ADD KEY `player_2` (`player_2`) USING BTREE,
  ADD KEY `winner_id` (`winner_id`) USING BTREE,
  ADD KEY `loser_id` (`loser_id`) USING BTREE,
  ADD KEY `status_id` (`status_id`) USING BTREE,
  ADD KEY `type_id` (`type_id`) USING BTREE;

--
-- Indexes for table `games_boards`
--
ALTER TABLE `games_boards`
  ADD PRIMARY KEY (`id`),
  ADD KEY `game_id` (`game_id`) USING BTREE,
  ADD KEY `winner_id` (`winner_id`) USING BTREE,
  ADD KEY `status_id` (`status_id`) USING BTREE;

--
-- Indexes for table `games_boards_dices`
--
ALTER TABLE `games_boards_dices`
  ADD PRIMARY KEY (`id`),
  ADD KEY `board_id` (`board_id`) USING BTREE,
  ADD KEY `player_id` (`player_id`) USING BTREE;

--
-- Indexes for table `games_boards_plays`
--
ALTER TABLE `games_boards_plays`
  ADD PRIMARY KEY (`id`),
  ADD KEY `dice_id` (`dice_id`) USING BTREE;

--
-- Indexes for table `games_boards_status`
--
ALTER TABLE `games_boards_status`
  ADD PRIMARY KEY (`id`);

--
-- Indexes for table `games_status`
--
ALTER TABLE `games_status`
  ADD PRIMARY KEY (`id`);

--
-- Indexes for table `games_types`
--
ALTER TABLE `games_types`
  ADD PRIMARY KEY (`id`);

--
-- Indexes for table `gift`
--
ALTER TABLE `gift`
  ADD PRIMARY KEY (`id`);

--
-- Indexes for table `lastsettle`
--
ALTER TABLE `lastsettle`
  ADD PRIMARY KEY (`id`);

--
-- Indexes for table `ligs`
--
ALTER TABLE `ligs`
  ADD PRIMARY KEY (`id`),
  ADD KEY `type_id` (`type_id`) USING BTREE,
  ADD KEY `status_id` (`status_id`) USING BTREE;

--
-- Indexes for table `ligs_games`
--
ALTER TABLE `ligs_games`
  ADD PRIMARY KEY (`id`),
  ADD KEY `player_1` (`player_1`) USING BTREE,
  ADD KEY `player_2` (`player_2`) USING BTREE,
  ADD KEY `status_id` (`status_id`) USING BTREE,
  ADD KEY `winner_id` (`winner_id`) USING BTREE,
  ADD KEY `loser_id` (`loser_id`) USING BTREE,
  ADD KEY `lig_id` (`lig_id`) USING BTREE;

--
-- Indexes for table `ligs_games_boards`
--
ALTER TABLE `ligs_games_boards`
  ADD PRIMARY KEY (`id`),
  ADD KEY `game_id` (`game_id`) USING BTREE,
  ADD KEY `winner_id` (`winner_id`) USING BTREE,
  ADD KEY `status_id` (`status_id`) USING BTREE;

--
-- Indexes for table `ligs_games_boards_dices`
--
ALTER TABLE `ligs_games_boards_dices`
  ADD PRIMARY KEY (`id`),
  ADD KEY `board_id` (`board_id`) USING BTREE,
  ADD KEY `player_id` (`player_id`) USING BTREE;

--
-- Indexes for table `ligs_games_boards_plays`
--
ALTER TABLE `ligs_games_boards_plays`
  ADD PRIMARY KEY (`id`),
  ADD KEY `dice_id` (`dice_id`) USING BTREE;

--
-- Indexes for table `ligs_games_borads_status`
--
ALTER TABLE `ligs_games_borads_status`
  ADD PRIMARY KEY (`id`);

--
-- Indexes for table `ligs_games_status`
--
ALTER TABLE `ligs_games_status`
  ADD PRIMARY KEY (`id`);

--
-- Indexes for table `ligs_players`
--
ALTER TABLE `ligs_players`
  ADD PRIMARY KEY (`id`),
  ADD UNIQUE KEY `lig_id_2` (`lig_id`,`player_id`) USING BTREE,
  ADD KEY `lig_id` (`lig_id`) USING BTREE,
  ADD KEY `player_id` (`player_id`) USING BTREE;

--
-- Indexes for table `ligs_status`
--
ALTER TABLE `ligs_status`
  ADD PRIMARY KEY (`id`);

--
-- Indexes for table `ligs_types`
--
ALTER TABLE `ligs_types`
  ADD PRIMARY KEY (`id`);

--
-- Indexes for table `networking`
--
ALTER TABLE `networking`
  ADD PRIMARY KEY (`id`);

--
-- Indexes for table `provinces`
--
ALTER TABLE `provinces`
  ADD PRIMARY KEY (`id`);

--
-- Indexes for table `settings`
--
ALTER TABLE `settings`
  ADD PRIMARY KEY (`id`);

--
-- Indexes for table `social`
--
ALTER TABLE `social`
  ADD PRIMARY KEY (`id`);

--
-- Indexes for table `tmpaddmoney`
--
ALTER TABLE `tmpaddmoney`
  ADD PRIMARY KEY (`id`);

--
-- Indexes for table `tmpadmin`
--
ALTER TABLE `tmpadmin`
  ADD PRIMARY KEY (`id`);

--
-- Indexes for table `tmpcontact`
--
ALTER TABLE `tmpcontact`
  ADD PRIMARY KEY (`id`);

--
-- Indexes for table `tmpgetmoney`
--
ALTER TABLE `tmpgetmoney`
  ADD PRIMARY KEY (`id`);

--
-- Indexes for table `tmpuser`
--
ALTER TABLE `tmpuser`
  ADD PRIMARY KEY (`id`);

--
-- Indexes for table `topic`
--
ALTER TABLE `topic`
  ADD PRIMARY KEY (`id`);

--
-- Indexes for table `users`
--
ALTER TABLE `users`
  ADD PRIMARY KEY (`id`),
  ADD KEY `status_id` (`status_id`) USING BTREE,
  ADD KEY `province_id` (`province_id`) USING BTREE,
  ADD KEY `city_id` (`city_id`) USING BTREE,
  ADD KEY `group_id` (`group_id`) USING BTREE;

--
-- Indexes for table `users_followers`
--
ALTER TABLE `users_followers`
  ADD PRIMARY KEY (`id`),
  ADD KEY `follower_id` (`follower_id`) USING BTREE,
  ADD KEY `follow_up_id` (`follow_up_id`) USING BTREE;

--
-- Indexes for table `users_groups`
--
ALTER TABLE `users_groups`
  ADD PRIMARY KEY (`id`);

--
-- Indexes for table `users_status`
--
ALTER TABLE `users_status`
  ADD PRIMARY KEY (`id`);

--
-- AUTO_INCREMENT for dumped tables
--

--
-- AUTO_INCREMENT for table `chat`
--
ALTER TABLE `chat`
  MODIFY `id` int(11) NOT NULL AUTO_INCREMENT;

--
-- AUTO_INCREMENT for table `cities`
--
ALTER TABLE `cities`
  MODIFY `id` int(11) NOT NULL AUTO_INCREMENT, AUTO_INCREMENT=1180;

--
-- AUTO_INCREMENT for table `dayli`
--
ALTER TABLE `dayli`
  MODIFY `id` int(11) NOT NULL AUTO_INCREMENT;

--
-- AUTO_INCREMENT for table `games`
--
ALTER TABLE `games`
  MODIFY `id` int(11) NOT NULL AUTO_INCREMENT, AUTO_INCREMENT=19;

--
-- AUTO_INCREMENT for table `games_boards`
--
ALTER TABLE `games_boards`
  MODIFY `id` int(11) NOT NULL AUTO_INCREMENT, AUTO_INCREMENT=24;

--
-- AUTO_INCREMENT for table `games_boards_dices`
--
ALTER TABLE `games_boards_dices`
  MODIFY `id` int(11) NOT NULL AUTO_INCREMENT, AUTO_INCREMENT=78;

--
-- AUTO_INCREMENT for table `games_boards_plays`
--
ALTER TABLE `games_boards_plays`
  MODIFY `id` int(11) NOT NULL AUTO_INCREMENT, AUTO_INCREMENT=157;

--
-- AUTO_INCREMENT for table `games_boards_status`
--
ALTER TABLE `games_boards_status`
  MODIFY `id` int(11) NOT NULL AUTO_INCREMENT, AUTO_INCREMENT=3;

--
-- AUTO_INCREMENT for table `games_status`
--
ALTER TABLE `games_status`
  MODIFY `id` int(11) NOT NULL AUTO_INCREMENT, AUTO_INCREMENT=6;

--
-- AUTO_INCREMENT for table `games_types`
--
ALTER TABLE `games_types`
  MODIFY `id` int(11) NOT NULL AUTO_INCREMENT, AUTO_INCREMENT=4;

--
-- AUTO_INCREMENT for table `gift`
--
ALTER TABLE `gift`
  MODIFY `id` int(11) NOT NULL AUTO_INCREMENT;

--
-- AUTO_INCREMENT for table `lastsettle`
--
ALTER TABLE `lastsettle`
  MODIFY `id` int(11) NOT NULL AUTO_INCREMENT;

--
-- AUTO_INCREMENT for table `ligs`
--
ALTER TABLE `ligs`
  MODIFY `id` int(11) NOT NULL AUTO_INCREMENT, AUTO_INCREMENT=2;

--
-- AUTO_INCREMENT for table `ligs_games`
--
ALTER TABLE `ligs_games`
  MODIFY `id` int(11) NOT NULL AUTO_INCREMENT, AUTO_INCREMENT=46;

--
-- AUTO_INCREMENT for table `ligs_games_boards`
--
ALTER TABLE `ligs_games_boards`
  MODIFY `id` int(11) NOT NULL AUTO_INCREMENT;

--
-- AUTO_INCREMENT for table `ligs_games_boards_dices`
--
ALTER TABLE `ligs_games_boards_dices`
  MODIFY `id` int(11) NOT NULL AUTO_INCREMENT;

--
-- AUTO_INCREMENT for table `ligs_games_boards_plays`
--
ALTER TABLE `ligs_games_boards_plays`
  MODIFY `id` int(11) NOT NULL AUTO_INCREMENT;

--
-- AUTO_INCREMENT for table `ligs_games_borads_status`
--
ALTER TABLE `ligs_games_borads_status`
  MODIFY `id` int(11) NOT NULL AUTO_INCREMENT, AUTO_INCREMENT=3;

--
-- AUTO_INCREMENT for table `ligs_games_status`
--
ALTER TABLE `ligs_games_status`
  MODIFY `id` int(11) NOT NULL AUTO_INCREMENT, AUTO_INCREMENT=5;

--
-- AUTO_INCREMENT for table `ligs_players`
--
ALTER TABLE `ligs_players`
  MODIFY `id` int(11) NOT NULL AUTO_INCREMENT;

--
-- AUTO_INCREMENT for table `ligs_status`
--
ALTER TABLE `ligs_status`
  MODIFY `id` int(11) NOT NULL AUTO_INCREMENT, AUTO_INCREMENT=5;

--
-- AUTO_INCREMENT for table `ligs_types`
--
ALTER TABLE `ligs_types`
  MODIFY `id` int(11) NOT NULL AUTO_INCREMENT, AUTO_INCREMENT=4;

--
-- AUTO_INCREMENT for table `networking`
--
ALTER TABLE `networking`
  MODIFY `id` int(11) NOT NULL AUTO_INCREMENT, AUTO_INCREMENT=2;

--
-- AUTO_INCREMENT for table `provinces`
--
ALTER TABLE `provinces`
  MODIFY `id` int(11) NOT NULL AUTO_INCREMENT, AUTO_INCREMENT=32;

--
-- AUTO_INCREMENT for table `settings`
--
ALTER TABLE `settings`
  MODIFY `id` int(11) NOT NULL AUTO_INCREMENT, AUTO_INCREMENT=2;

--
-- AUTO_INCREMENT for table `social`
--
ALTER TABLE `social`
  MODIFY `id` int(11) NOT NULL AUTO_INCREMENT;

--
-- AUTO_INCREMENT for table `tmpaddmoney`
--
ALTER TABLE `tmpaddmoney`
  MODIFY `id` int(11) NOT NULL AUTO_INCREMENT, AUTO_INCREMENT=4;

--
-- AUTO_INCREMENT for table `tmpadmin`
--
ALTER TABLE `tmpadmin`
  MODIFY `id` int(11) NOT NULL AUTO_INCREMENT;

--
-- AUTO_INCREMENT for table `tmpcontact`
--
ALTER TABLE `tmpcontact`
  MODIFY `id` int(11) NOT NULL AUTO_INCREMENT;

--
-- AUTO_INCREMENT for table `tmpgetmoney`
--
ALTER TABLE `tmpgetmoney`
  MODIFY `id` int(11) NOT NULL AUTO_INCREMENT;

--
-- AUTO_INCREMENT for table `tmpuser`
--
ALTER TABLE `tmpuser`
  MODIFY `id` int(11) NOT NULL AUTO_INCREMENT, AUTO_INCREMENT=23;

--
-- AUTO_INCREMENT for table `topic`
--
ALTER TABLE `topic`
  MODIFY `id` int(11) NOT NULL AUTO_INCREMENT, AUTO_INCREMENT=15;

--
-- AUTO_INCREMENT for table `users`
--
ALTER TABLE `users`
  MODIFY `id` int(11) NOT NULL AUTO_INCREMENT, AUTO_INCREMENT=55;

--
-- AUTO_INCREMENT for table `users_followers`
--
ALTER TABLE `users_followers`
  MODIFY `id` int(11) NOT NULL AUTO_INCREMENT;

--
-- AUTO_INCREMENT for table `users_groups`
--
ALTER TABLE `users_groups`
  MODIFY `id` int(11) NOT NULL AUTO_INCREMENT, AUTO_INCREMENT=5;

--
-- AUTO_INCREMENT for table `users_status`
--
ALTER TABLE `users_status`
  MODIFY `id` int(11) NOT NULL AUTO_INCREMENT, AUTO_INCREMENT=4;

--
-- Constraints for dumped tables
--

--
-- Constraints for table `cities`
--
ALTER TABLE `cities`
  ADD CONSTRAINT `cities_ibfk_1` FOREIGN KEY (`province_id`) REFERENCES `provinces` (`id`) ON DELETE CASCADE ON UPDATE CASCADE;

--
-- Constraints for table `games`
--
ALTER TABLE `games`
  ADD CONSTRAINT `games_ibfk_1` FOREIGN KEY (`player_1`) REFERENCES `users` (`id`) ON DELETE CASCADE ON UPDATE CASCADE,
  ADD CONSTRAINT `games_ibfk_2` FOREIGN KEY (`player_2`) REFERENCES `users` (`id`) ON DELETE CASCADE ON UPDATE CASCADE,
  ADD CONSTRAINT `games_ibfk_3` FOREIGN KEY (`winner_id`) REFERENCES `users` (`id`) ON DELETE CASCADE ON UPDATE CASCADE,
  ADD CONSTRAINT `games_ibfk_4` FOREIGN KEY (`loser_id`) REFERENCES `users` (`id`) ON DELETE CASCADE ON UPDATE CASCADE,
  ADD CONSTRAINT `games_ibfk_5` FOREIGN KEY (`status_id`) REFERENCES `games_status` (`id`) ON DELETE CASCADE ON UPDATE CASCADE,
  ADD CONSTRAINT `games_ibfk_6` FOREIGN KEY (`type_id`) REFERENCES `games_types` (`id`) ON DELETE CASCADE ON UPDATE CASCADE;

--
-- Constraints for table `games_boards`
--
ALTER TABLE `games_boards`
  ADD CONSTRAINT `games_boards_ibfk_1` FOREIGN KEY (`game_id`) REFERENCES `games` (`id`) ON DELETE CASCADE ON UPDATE CASCADE,
  ADD CONSTRAINT `games_boards_ibfk_2` FOREIGN KEY (`winner_id`) REFERENCES `users` (`id`) ON DELETE CASCADE ON UPDATE CASCADE,
  ADD CONSTRAINT `games_boards_ibfk_3` FOREIGN KEY (`status_id`) REFERENCES `games_boards_status` (`id`) ON DELETE CASCADE ON UPDATE CASCADE;

--
-- Constraints for table `games_boards_dices`
--
ALTER TABLE `games_boards_dices`
  ADD CONSTRAINT `games_boards_dices_ibfk_1` FOREIGN KEY (`board_id`) REFERENCES `games_boards` (`id`) ON DELETE CASCADE ON UPDATE CASCADE,
  ADD CONSTRAINT `games_boards_dices_ibfk_2` FOREIGN KEY (`player_id`) REFERENCES `users` (`id`) ON DELETE CASCADE ON UPDATE CASCADE;

--
-- Constraints for table `games_boards_plays`
--
ALTER TABLE `games_boards_plays`
  ADD CONSTRAINT `games_boards_plays_ibfk_1` FOREIGN KEY (`dice_id`) REFERENCES `games_boards_dices` (`id`) ON DELETE CASCADE ON UPDATE CASCADE;

--
-- Constraints for table `ligs`
--
ALTER TABLE `ligs`
  ADD CONSTRAINT `ligs_ibfk_1` FOREIGN KEY (`type_id`) REFERENCES `ligs_types` (`id`) ON DELETE CASCADE ON UPDATE CASCADE,
  ADD CONSTRAINT `ligs_ibfk_2` FOREIGN KEY (`status_id`) REFERENCES `ligs_status` (`id`) ON DELETE CASCADE ON UPDATE CASCADE;

--
-- Constraints for table `ligs_games`
--
ALTER TABLE `ligs_games`
  ADD CONSTRAINT `ligs_games_ibfk_1` FOREIGN KEY (`player_1`) REFERENCES `users` (`id`) ON DELETE CASCADE ON UPDATE CASCADE,
  ADD CONSTRAINT `ligs_games_ibfk_2` FOREIGN KEY (`player_2`) REFERENCES `users` (`id`) ON DELETE CASCADE ON UPDATE CASCADE,
  ADD CONSTRAINT `ligs_games_ibfk_3` FOREIGN KEY (`status_id`) REFERENCES `ligs_games_status` (`id`) ON DELETE CASCADE ON UPDATE CASCADE,
  ADD CONSTRAINT `ligs_games_ibfk_4` FOREIGN KEY (`winner_id`) REFERENCES `users` (`id`) ON DELETE CASCADE ON UPDATE CASCADE,
  ADD CONSTRAINT `ligs_games_ibfk_5` FOREIGN KEY (`loser_id`) REFERENCES `users` (`id`) ON DELETE CASCADE ON UPDATE CASCADE,
  ADD CONSTRAINT `ligs_games_ibfk_6` FOREIGN KEY (`lig_id`) REFERENCES `ligs` (`id`) ON DELETE CASCADE ON UPDATE CASCADE;

--
-- Constraints for table `ligs_games_boards`
--
ALTER TABLE `ligs_games_boards`
  ADD CONSTRAINT `ligs_games_boards_ibfk_1` FOREIGN KEY (`game_id`) REFERENCES `ligs_games` (`id`) ON DELETE CASCADE ON UPDATE CASCADE,
  ADD CONSTRAINT `ligs_games_boards_ibfk_2` FOREIGN KEY (`winner_id`) REFERENCES `users` (`id`) ON DELETE CASCADE ON UPDATE CASCADE,
  ADD CONSTRAINT `ligs_games_boards_ibfk_3` FOREIGN KEY (`status_id`) REFERENCES `ligs_games_borads_status` (`id`) ON DELETE CASCADE ON UPDATE CASCADE;

--
-- Constraints for table `ligs_games_boards_dices`
--
ALTER TABLE `ligs_games_boards_dices`
  ADD CONSTRAINT `ligs_games_boards_dices_ibfk_1` FOREIGN KEY (`board_id`) REFERENCES `ligs_games_boards` (`id`) ON DELETE CASCADE ON UPDATE CASCADE,
  ADD CONSTRAINT `ligs_games_boards_dices_ibfk_2` FOREIGN KEY (`player_id`) REFERENCES `users` (`id`) ON DELETE CASCADE ON UPDATE CASCADE;

--
-- Constraints for table `ligs_games_boards_plays`
--
ALTER TABLE `ligs_games_boards_plays`
  ADD CONSTRAINT `ligs_games_boards_plays_ibfk_1` FOREIGN KEY (`dice_id`) REFERENCES `ligs_games_boards_dices` (`id`) ON DELETE CASCADE ON UPDATE CASCADE;

--
-- Constraints for table `ligs_players`
--
ALTER TABLE `ligs_players`
  ADD CONSTRAINT `ligs_players_ibfk_1` FOREIGN KEY (`lig_id`) REFERENCES `ligs` (`id`) ON DELETE CASCADE ON UPDATE CASCADE,
  ADD CONSTRAINT `ligs_players_ibfk_2` FOREIGN KEY (`player_id`) REFERENCES `users` (`id`) ON DELETE CASCADE ON UPDATE CASCADE;

--
-- Constraints for table `users`
--
ALTER TABLE `users`
  ADD CONSTRAINT `users_ibfk_1` FOREIGN KEY (`group_id`) REFERENCES `users_groups` (`id`),
  ADD CONSTRAINT `users_ibfk_2` FOREIGN KEY (`status_id`) REFERENCES `users_status` (`id`),
  ADD CONSTRAINT `users_ibfk_3` FOREIGN KEY (`province_id`) REFERENCES `provinces` (`id`),
  ADD CONSTRAINT `users_ibfk_4` FOREIGN KEY (`city_id`) REFERENCES `cities` (`id`);

--
-- Constraints for table `users_followers`
--
ALTER TABLE `users_followers`
  ADD CONSTRAINT `users_followers_ibfk_1` FOREIGN KEY (`follower_id`) REFERENCES `users` (`id`),
  ADD CONSTRAINT `users_followers_ibfk_2` FOREIGN KEY (`follow_up_id`) REFERENCES `users` (`id`);
COMMIT;

/*!40101 SET CHARACTER_SET_CLIENT=@OLD_CHARACTER_SET_CLIENT */;
/*!40101 SET CHARACTER_SET_RESULTS=@OLD_CHARACTER_SET_RESULTS */;
/*!40101 SET COLLATION_CONNECTION=@OLD_COLLATION_CONNECTION */;
